"Indicator.Name","Period.Month","Period.Year","YTD.Target","YTD.Actual","Monthly.Target","Monthly.Actual"
"On-Time Performance",11,2018,94,90.2,94,86.9
"On-Time Performance",10,2018,94,90.5,94,93.2
"On-Time Performance",9,2018,94,90.2,94,92.4
"On-Time Performance",8,2018,94,89.9,94,87.4
"On-Time Performance",7,2018,94,90.3,94,88.9
"On-Time Performance",6,2018,94,90.5,94,92.1
"On-Time Performance",5,2018,94,90.2,94,92.3
"On-Time Performance",4,2018,94,89.7,94,94
"On-Time Performance",3,2018,94,88.26,94,88.07
"On-Time Performance",2,2018,94,88.4,94,93.2
"On-Time Performance",1,2018,94,83.9,94,83.9
"On-Time Performance",12,2017,94,91.4,94,89.7
"On-Time Performance",11,2017,94,91.5,94,91.6
"On-Time Performance",10,2017,94,91.5,94,93.9
"On-Time Performance",9,2017,94,91.3,94,93.6
"On-Time Performance",8,2017,94,91,94,93.8
"On-Time Performance",7,2017,94,90.6,94,93.1
"On-Time Performance",6,2017,94,90.1,94,89
"On-Time Performance",5,2017,94,90.4,94,89
"On-Time Performance",4,2017,94,90.7,94,90.3
"On-Time Performance",3,2017,94,90.9,94,90.9
"On-Time Performance",2,2017,94,90.9,94,89.2
"On-Time Performance",1,2017,94,92.4,94,92.4
"On-Time Performance",12,2016,94,92.7,94,91.4
"On-Time Performance",11,2016,94,92.9,94,91.9
"On-Time Performance",10,2016,94,93,94,92.1
"On-Time Performance",9,2016,94,93.1,94,94.4
"On-Time Performance",8,2016,94,92.9,94,92
"On-Time Performance",7,2016,94,93,94,89.3
"On-Time Performance",6,2016,94,93.7,94,93.5
"On-Time Performance",5,2016,94,93.7,94,94.7
"On-Time Performance",4,2016,94,93.4,94,94.4
"On-Time Performance",3,2016,94,93.1,94,95.2
"On-Time Performance",2,2016,94,91.9,94,92.3
"On-Time Performance",1,2016,94,91.6,94,91.6
"On-Time Performance",12,2015,94,91.6,94,93.9
"On-Time Performance",11,2015,94,91.4,94,92.5
"On-Time Performance",10,2015,93.99,90.88,93.99,91.5
"On-Time Performance",9,2015,94,91.2,94,90.4
"On-Time Performance",8,2015,94,91.3,94,91.5
"On-Time Performance",7,2015,94,91.2,94,91.2
"On-Time Performance",6,2015,94,91.2,94,92.8
"On-Time Performance",5,2015,94,90.9,94,92.9
"On-Time Performance",4,2015,94,90.4,94,93.9
"On-Time Performance",3,2015,93.99,89.24,93.99,90.4
"On-Time Performance",2,2015,93.99,88.61,93.99,86.82
"On-Time Performance",1,2015,94,90.3,94,90.3
"On-Time Performance",12,2014,95.1,92,95.1,90.9
"On-Time Performance",11,2014,95.1,92.1,95.1,92.7
"On-Time Performance",10,2014,95.1,92.1,95.1,92.6
"On-Time Performance",9,2014,95.1,92,95.1,93
"On-Time Performance",8,2014,95.1,91.9,95.1,93.1
"On-Time Performance",7,2014,95.1,91.7,95.1,93.4
"On-Time Performance",6,2014,95.1,91.4,95.1,92.6
"On-Time Performance",5,2014,95.1,91.2,95.1,91.3
"On-Time Performance",4,2014,95.1,91.1,95.1,93.2
"On-Time Performance",3,2014,95.1,90.4,95.1,93
"On-Time Performance",2,2014,95.1,89,95.1,90.2
"On-Time Performance",1,2014,95.1,87.9,95.1,87.9
"On-Time Performance",12,2013,95.1,93.5,95.1,93.4
"On-Time Performance",11,2013,95.1,93.5,95.1,92.1
"On-Time Performance",10,2013,95.1,93.6,95.1,95
"On-Time Performance",9,2013,95.1,93.5,95.1,94
"On-Time Performance",8,2013,95.1,93.4,95.1,91.9
"On-Time Performance",7,2013,95.1,93.6,95.1,93.3
"On-Time Performance",6,2013,95.1,93.7,95.1,93.8
"On-Time Performance",5,2013,95.1,93.6,95.1,93.9
"On-Time Performance",4,2013,95.1,93.6,95.1,95.1
"On-Time Performance",3,2013,95.1,93,95.1,92.5
"On-Time Performance",2,2013,95.1,93.3,95.1,93.6
"On-Time Performance",1,2013,95.1,93,95.1,93
"On-Time Performance",12,2012,95.1,94.3,95.1,92.8
"On-Time Performance",11,2012,95.1,94.39,95.1,87.76
"On-Time Performance",10,2012,95.1,94.9,95.1,95.3
"On-Time Performance",9,2012,95.1,94.9,95.1,95
"On-Time Performance",8,2012,95.1,94.9,95.1,93.6
"On-Time Performance",7,2012,95.1,95.1,95.1,93.3
"On-Time Performance",6,2012,95.1,95.4,95.1,92.6
"On-Time Performance",5,2012,95.1,95.9,95.1,95.4
"On-Time Performance",4,2012,95.1,96.1,95.1,95.7
"On-Time Performance",3,2012,95.1,96.2,95.1,96.1
"On-Time Performance",2,2012,95.1,96.2,95.1,96.4
"On-Time Performance",1,2012,95.1,96.1,95.1,96.1
"On-Time Performance",12,2011,95.1,93.7,95.1,96
"On-Time Performance",11,2011,95.1,93.5,95.1,94.9
"On-Time Performance",10,2011,95.1,93.4,95.1,94.7
"On-Time Performance",9,2011,95.1,93.2,95.1,91.1
"On-Time Performance",8,2011,95.1,93.5,95.1,90.5
"On-Time Performance",7,2011,95.1,93.9,95.1,93.6
"On-Time Performance",6,2011,95.1,93.9,95.1,93.7
"On-Time Performance",5,2011,95.1,94,95.1,94
"On-Time Performance",4,2011,95.1,94,95.1,95.9
"On-Time Performance",3,2011,95.1,93.3,95.1,95.6
"On-Time Performance",2,2011,95.1,92,95.1,95.1
"On-Time Performance",1,2011,95.1,89.3,95.1,89.3
"On-Time Performance",12,2010,95.1,92.8,95.1,92.2
"On-Time Performance",11,2010,95.1,92.6,95.1,94.3
"On-Time Performance",10,2010,95.1,92.5,95.1,93.6
"On-Time Performance",9,2010,95.1,92.4,95.1,92.4
"On-Time Performance",8,2010,95.1,92.4,95.1,87.3
"On-Time Performance",7,2010,95.1,93.1,95.1,91.9
"On-Time Performance",6,2010,95.1,93.4,95.1,92.2
"On-Time Performance",5,2010,95.1,93.6,95.1,93.5
"On-Time Performance",4,2010,95.1,93.6,95.1,91.5
"On-Time Performance",3,2010,95.1,94.3,95.1,92.4
"On-Time Performance",2,2010,95.1,95.4,95.1,93.8
"On-Time Performance",1,2010,95.1,96.9,95.1,96.9
"On-Time Performance",12,2009,0,95.2,0,91.9
"On-Time Performance",11,2009,0,95.5,0,95.3
"On-Time Performance",10,2009,0,95.5,0,95.2
"On-Time Performance",9,2009,0,95.6,0,95.6
"On-Time Performance",8,2009,0,95.6,0,95.8
"On-Time Performance",7,2009,0,95.6,0,94.6
"On-Time Performance",6,2009,0,95.7,0,95.4
"On-Time Performance",5,2009,0,95.8,0,96.6
"On-Time Performance",4,2009,0,95.6,0,96.7
"On-Time Performance",3,2009,0,95.2,0,94
"On-Time Performance",2,2009,0,95.9,0,95.6
"On-Time Performance",1,2009,0,96.1,0,96.1
"On-Time Performance",12,2008,0,95.1,0,95.5
"On-Time Performance",11,2008,0,95.1,0,92.6
"On-Time Performance",10,2008,0,95.3,0,95
"On-Time Performance",9,2008,0,95.4,0,95.2
"On-Time Performance",8,2008,0,95.4,0,95.5
"On-Time Performance",7,2008,0,95.4,0,94.2
"On-Time Performance",6,2008,0,95.6,0,95.2
"On-Time Performance",5,2008,0,95.6,0,96
"On-Time Performance",4,2008,0,95.5,0,96
"On-Time Performance",3,2008,0,95.4,0,94.4
"On-Time Performance",2,2008,0,95.9,0,95.2
"On-Time Performance",1,2008,0,96.6,0,96.6
"Babylon  ",11,2018,93.9,89.8,93.9,84.4
"Babylon  ",10,2018,93.9,90.3,93.9,93.6
"Babylon  ",9,2018,93.9,89.9,93.9,91.8
"Babylon  ",8,2018,93.9,89.7,93.9,87.7
"Babylon  ",7,2018,93.9,90,93.9,89.3
"Babylon  ",6,2018,93.9,90.3,93.9,93.1
"Babylon  ",5,2018,93.9,89.8,93.9,92.6
"Babylon  ",4,2018,93.9,89,93.9,94.7
"Babylon  ",3,2018,93.9,87.2,93.9,87.9
"Babylon  ",2,2018,93.9,86.8,93.9,93.2
"Babylon  ",1,2018,93.9,81,93.9,81
"Babylon  ",12,2017,93.9,90.4,93.9,87.9
"Babylon  ",11,2017,93.9,90.6,93.9,92
"Babylon  ",10,2017,93.9,90.4,93.9,93.1
"Babylon  ",9,2017,93.9,90.1,93.9,93.1
"Babylon  ",8,2017,93.9,89.8,93.9,93.5
"Babylon  ",7,2017,93.9,89.2,93.9,92.7
"Babylon  ",6,2017,93.9,88.7,93.9,88.2
"Babylon  ",5,2017,93.9,88.8,93.9,87.5
"Babylon  ",4,2017,93.9,89.1,93.9,85.4
"Babylon  ",3,2017,93.9,90.3,93.9,90.8
"Babylon  ",2,2017,93.9,90,93.9,87.6
"Babylon  ",1,2017,93.9,92.2,93.9,92.2
"Babylon  ",12,2016,93.9,91.9,93.9,90.8
"Babylon  ",11,2016,93.9,92,93.9,91.9
"Babylon  ",10,2016,93.9,92,93.9,91.9
"Babylon  ",9,2016,93.9,92,93.9,93.6
"Babylon  ",8,2016,93.9,91.8,93.9,92
"Babylon  ",7,2016,93.9,91.7,93.9,87.1
"Babylon  ",6,2016,93.9,92.5,93.9,92.6
"Babylon  ",5,2016,93.9,92.5,93.9,92.4
"Babylon  ",4,2016,93.9,92.6,93.9,91.9
"Babylon  ",3,2016,93.9,92.8,93.9,94.7
"Babylon  ",2,2016,93.9,91.7,93.9,92.3
"Babylon  ",1,2016,93.9,91.2,93.9,91.2
"Babylon  ",12,2015,93.9,91.7,93.9,93.1
"Babylon  ",11,2015,93.9,91.6,93.9,93.1
"Babylon  ",10,2015,93.9,91.14,93.9,91.64
"Babylon  ",9,2015,93.9,91.3,93.9,91.3
"Babylon  ",8,2015,93.9,91.3,93.9,92
"Babylon  ",7,2015,93.9,91.2,93.9,92
"Babylon  ",6,2015,93.9,91,93.9,92.8
"Babylon  ",5,2015,93.9,90.7,93.9,92.6
"Babylon  ",4,2015,93.9,90.2,93.9,93.6
"Babylon  ",3,2015,93.9,89.01,93.9,90.5
"Babylon  ",2,2015,93.9,88.21,93.9,86.39
"Babylon  ",1,2015,93.9,89.9,93.9,89.9
"Babylon  ",12,2014,95.1,91.4,95.1,90.1
"Babylon  ",11,2014,95.1,91.5,95.1,91.4
"Babylon  ",10,2014,95.1,91.5,95.1,92.4
"Babylon  ",9,2014,95.1,91.4,95.1,92.5
"Babylon  ",8,2014,95.1,91.3,95.1,92.7
"Babylon  ",7,2014,95.1,91,95.1,92.8
"Babylon  ",6,2014,95.1,90.7,95.1,92.3
"Babylon  ",5,2014,95.1,90.4,95.1,90.6
"Babylon  ",4,2014,95.1,90.4,95.1,93.2
"Babylon  ",3,2014,95.1,89.4,95.1,92.4
"Babylon  ",2,2014,95.1,87.8,95.1,91.2
"Babylon  ",1,2014,95.1,84.5,95.1,84.5
"Babylon  ",12,2013,95.1,92.7,95.1,92.4
"Babylon  ",11,2013,95.1,92.8,95.1,90.4
"Babylon  ",10,2013,95.1,93,95.1,93.8
"Babylon  ",9,2013,95.1,92.9,95.1,93.3
"Babylon  ",8,2013,95.1,92.8,95.1,90.8
"Babylon  ",7,2013,95.1,93.1,95.1,92.4
"Babylon  ",6,2013,95.1,93.3,95.1,93.7
"Babylon  ",5,2013,95.1,93.2,95.1,93.4
"Babylon  ",4,2013,95.1,93.1,95.1,96
"Babylon  ",3,2013,95.1,92.1,95.1,90.3
"Babylon  ",2,2013,95.1,93,95.1,93.2
"Babylon  ",1,2013,95.1,92.9,95.1,92.9
"Babylon  ",12,2012,95.1,93.9,95.1,92.8
"Babylon  ",11,2012,95.1,94,95.1,87.3
"Babylon  ",10,2012,95.1,94.5,95.1,94.3
"Babylon  ",9,2012,95.1,94.5,95.1,94.7
"Babylon  ",8,2012,95.1,94.5,95.1,93.2
"Babylon  ",7,2012,95.1,94.7,95.1,93.2
"Babylon  ",6,2012,95.1,94.9,95.1,92.6
"Babylon  ",5,2012,95.1,95.4,95.1,94.7
"Babylon  ",4,2012,95.1,95.6,95.1,95.3
"Babylon  ",3,2012,95.1,95.7,95.1,96
"Babylon  ",2,2012,95.1,95.5,95.1,95.9
"Babylon  ",1,2012,95.1,95.1,95.1,95.1
"Babylon  ",12,2011,95.1,93.4,95.1,95.6
"Babylon  ",11,2011,95.1,93.2,95.1,95.5
"Babylon  ",10,2011,95.1,93,95.1,94.9
"Babylon  ",9,2011,95.1,92.8,95.1,90.8
"Babylon  ",8,2011,95.1,93,95.1,88.4
"Babylon  ",7,2011,95.1,93.7,95.1,92.6
"Babylon  ",6,2011,95.1,93.8,95.1,94.5
"Babylon  ",5,2011,95.1,93.7,95.1,94
"Babylon  ",4,2011,95.1,93.7,95.1,96.4
"Babylon  ",3,2011,95.1,92.7,95.1,95.1
"Babylon  ",2,2011,95.1,91.4,95.1,95
"Babylon  ",1,2011,95.1,88.2,95.1,88.2
"Babylon  ",12,2010,95.1,91.7,95.1,91.4
"Babylon  ",11,2010,95.1,91.6,95.1,93.4
"Babylon  ",10,2010,95.1,91.4,95.1,92.3
"Babylon  ",9,2010,95.1,91.3,95.1,92
"Babylon  ",8,2010,95.1,91.3,95.1,84.1
"Babylon  ",7,2010,95.1,92.3,95.1,90.7
"Babylon  ",6,2010,95.1,92.6,95.1,91.6
"Babylon  ",5,2010,95.1,92.8,95.1,92.3
"Babylon  ",4,2010,95.1,92.9,95.1,90.6
"Babylon  ",3,2010,95.1,93.7,95.1,91.7
"Babylon  ",2,2010,95.1,94.8,95.1,93.4
"Babylon  ",1,2010,95.1,96.1,95.1,96.1
"Babylon  ",12,2009,0,94.8,0,91.4
"Babylon  ",11,2009,0,95.1,0,94.5
"Babylon  ",10,2009,0,95.2,0,95
"Babylon  ",9,2009,0,95.2,0,95.6
"Babylon  ",8,2009,0,95.2,0,95.7
"Babylon  ",7,2009,0,95.1,0,94.4
"Babylon  ",6,2009,0,95.2,0,95
"Babylon  ",5,2009,0,95.3,0,96.7
"Babylon  ",4,2009,0,94.9,0,96
"Babylon  ",3,2009,0,94.6,0,92.9
"Babylon  ",2,2009,0,95.4,0,95.1
"Babylon  ",1,2009,0,95.8,0,95.8
"Babylon  ",12,2008,0,95.3,0,95.4
"Babylon  ",11,2008,0,95.2,0,91.8
"Babylon  ",10,2008,0,95.6,0,95
"Babylon  ",9,2008,0,95.6,0,95
"Babylon  ",8,2008,0,95.7,0,95.3
"Babylon  ",7,2008,0,95.8,0,94.2
"Babylon  ",6,2008,0,96.1,0,95.9
"Babylon  ",5,2008,0,96.1,0,95.8
"Babylon  ",4,2008,0,96.2,0,97.2
"Babylon  ",3,2008,0,95.8,0,95
"Babylon  ",2,2008,0,96.2,0,95.4
"Babylon  ",1,2008,0,97,0,97
"Far Rockaway   ",11,2018,96.6,94.6,96.6,91.2
"Far Rockaway   ",10,2018,96.6,94.9,96.6,95.8
"Far Rockaway   ",9,2018,96.6,94.8,96.6,96.6
"Far Rockaway   ",8,2018,96.6,94.6,96.6,95.2
"Far Rockaway   ",7,2018,96.6,94.5,96.6,95.2
"Far Rockaway   ",6,2018,96.6,94.4,96.6,96.9
"Far Rockaway   ",5,2018,96.6,93.9,96.6,94.3
"Far Rockaway   ",4,2018,96.6,93.8,96.6,97
"Far Rockaway   ",3,2018,96.6,92.8,96.6,93.8
"Far Rockaway   ",2,2018,96.6,92.2,96.6,96.3
"Far Rockaway   ",1,2018,96.6,88.5,96.6,88.5
"Far Rockaway   ",12,2017,96.6,95.6,96.6,96.3
"Far Rockaway   ",11,2017,96.6,95.6,96.6,96
"Far Rockaway   ",10,2017,96.6,95.5,96.6,96.8
"Far Rockaway   ",9,2017,96.6,95.4,96.6,97
"Far Rockaway   ",8,2017,96.6,95.2,96.6,97.3
"Far Rockaway   ",7,2017,96.6,94.9,96.6,96
"Far Rockaway   ",6,2017,96.6,94.7,96.6,95.2
"Far Rockaway   ",5,2017,96.6,94.6,96.6,94.9
"Far Rockaway   ",4,2017,96.6,94.5,96.6,94.5
"Far Rockaway   ",3,2017,96.6,94.5,96.6,95.8
"Far Rockaway   ",2,2017,96.6,93.8,96.6,92.8
"Far Rockaway   ",1,2017,96.6,94.7,96.6,94.7
"Far Rockaway   ",12,2016,96.6,96.5,96.6,95.5
"Far Rockaway   ",11,2016,96.6,96.6,96.6,96.3
"Far Rockaway   ",10,2016,96.6,96.6,96.6,96
"Far Rockaway   ",9,2016,96.6,96.7,96.6,97.8
"Far Rockaway   ",8,2016,96.6,96.5,96.6,95.5
"Far Rockaway   ",7,2016,96.6,96.7,96.6,94.2
"Far Rockaway   ",6,2016,96.6,97.1,96.6,97.7
"Far Rockaway   ",5,2016,96.6,97,96.6,97.4
"Far Rockaway   ",4,2016,96.6,96.8,96.6,97.8
"Far Rockaway   ",3,2016,96.6,96.5,96.6,97.6
"Far Rockaway   ",2,2016,96.6,95.9,96.6,96.1
"Far Rockaway   ",1,2016,96.6,95.8,96.6,95.8
"Far Rockaway   ",12,2015,96.6,95.5,96.6,97.5
"Far Rockaway   ",11,2015,96.6,95.4,96.6,95.4
"Far Rockaway   ",10,2015,96.6,94.79,96.6,94.01
"Far Rockaway   ",9,2015,96.6,95.4,96.6,95.4
"Far Rockaway   ",8,2015,96.6,95.4,96.6,96.5
"Far Rockaway   ",7,2015,96.6,95.2,96.6,95.6
"Far Rockaway   ",6,2015,96.6,95.1,96.6,94.9
"Far Rockaway   ",5,2015,96.6,95.2,96.6,95.7
"Far Rockaway   ",4,2015,96.6,95.1,96.6,98
"Far Rockaway   ",3,2015,96.6,94.06,96.6,95.08
"Far Rockaway   ",2,2015,96.6,93.5,96.6,92.83
"Far Rockaway   ",1,2015,96.6,94.1,96.6,94.1
"Far Rockaway   ",12,2014,95.1,95.6,95.1,94.4
"Far Rockaway   ",11,2014,95.1,95.8,95.1,96.3
"Far Rockaway   ",10,2014,95.1,95.7,95.1,96.1
"Far Rockaway   ",9,2014,95.1,95.7,95.1,95.1
"Far Rockaway   ",8,2014,95.1,95.7,95.1,95.6
"Far Rockaway   ",7,2014,95.1,95.8,95.1,97.3
"Far Rockaway   ",6,2014,95.1,95.5,95.1,96
"Far Rockaway   ",5,2014,95.1,95.4,95.1,95.7
"Far Rockaway   ",4,2014,95.1,95.3,95.1,96.1
"Far Rockaway   ",3,2014,95.1,95,95.1,96.7
"Far Rockaway   ",2,2014,95.1,94.1,95.1,94.8
"Far Rockaway   ",1,2014,95.1,93.6,95.1,93.6
"Far Rockaway   ",12,2013,95.1,96.7,95.1,96.2
"Far Rockaway   ",11,2013,95.1,96.7,95.1,96.3
"Far Rockaway   ",10,2013,95.1,96.8,95.1,98.3
"Far Rockaway   ",9,2013,95.1,96.6,95.1,97.4
"Far Rockaway   ",8,2013,95.1,96.5,95.1,96
"Far Rockaway   ",7,2013,95.1,96.5,95.1,96.4
"Far Rockaway   ",6,2013,95.1,96.6,95.1,97.5
"Far Rockaway   ",5,2013,95.1,96.4,95.1,95.9
"Far Rockaway   ",4,2013,95.1,96.5,95.1,97.3
"Far Rockaway   ",3,2013,95.1,96.2,95.1,95.5
"Far Rockaway   ",2,2013,95.1,96.6,95.1,96.8
"Far Rockaway   ",1,2013,95.1,96.4,95.1,96.4
"Far Rockaway   ",12,2012,95.1,97,95.1,95.2
"Far Rockaway   ",11,2012,95.1,97.2,95.1,92.3
"Far Rockaway   ",10,2012,95.1,97.6,95.1,98.2
"Far Rockaway   ",9,2012,95.1,97.6,95.1,98.9
"Far Rockaway   ",8,2012,95.1,97.4,95.1,96.1
"Far Rockaway   ",7,2012,95.1,97.6,95.1,97
"Far Rockaway   ",6,2012,95.1,97.7,95.1,96
"Far Rockaway   ",5,2012,95.1,98,95.1,98.1
"Far Rockaway   ",4,2012,95.1,98,95.1,97.9
"Far Rockaway   ",3,2012,95.1,98.1,95.1,97.2
"Far Rockaway   ",2,2012,95.1,98.5,95.1,98.5
"Far Rockaway   ",1,2012,95.1,98.5,95.1,98.5
"Far Rockaway   ",12,2011,95.1,96.6,95.1,98.1
"Far Rockaway   ",11,2011,95.1,96.5,95.1,98
"Far Rockaway   ",10,2011,95.1,96.3,95.1,97.6
"Far Rockaway   ",9,2011,95.1,96.2,95.1,94.4
"Far Rockaway   ",8,2011,95.1,96.4,95.1,93.1
"Far Rockaway   ",7,2011,95.1,96.9,95.1,97.3
"Far Rockaway   ",6,2011,95.1,96.8,95.1,95.8
"Far Rockaway   ",5,2011,95.1,97.1,95.1,97.2
"Far Rockaway   ",4,2011,95.1,97,95.1,98
"Far Rockaway   ",3,2011,95.1,96.7,95.1,98
"Far Rockaway   ",2,2011,95.1,95.9,95.1,97.4
"Far Rockaway   ",1,2011,95.1,94.6,95.1,94.6
"Far Rockaway   ",12,2010,95.1,96.3,95.1,95.6
"Far Rockaway   ",11,2010,95.1,96.2,95.1,98.3
"Far Rockaway   ",10,2010,95.1,96,95.1,95
"Far Rockaway   ",9,2010,95.1,96.1,95.1,96.4
"Far Rockaway   ",8,2010,95.1,96,95.1,90.7
"Far Rockaway   ",7,2010,95.1,96.8,95.1,96.3
"Far Rockaway   ",6,2010,95.1,96.9,95.1,97.4
"Far Rockaway   ",5,2010,95.1,96.8,95.1,97.9
"Far Rockaway   ",4,2010,95.1,96.5,95.1,96.5
"Far Rockaway   ",3,2010,95.1,96.6,95.1,93.3
"Far Rockaway   ",2,2010,95.1,98.4,95.1,97.6
"Far Rockaway   ",1,2010,95.1,99,95.1,99
"Far Rockaway   ",12,2009,0,98,0,96.3
"Far Rockaway   ",11,2009,0,98.1,0,98.6
"Far Rockaway   ",10,2009,0,98.1,0,98.1
"Far Rockaway   ",9,2009,0,98.1,0,98.3
"Far Rockaway   ",8,2009,0,98.1,0,98
"Far Rockaway   ",7,2009,0,98.1,0,98
"Far Rockaway   ",6,2009,0,98.1,0,98.5
"Far Rockaway   ",5,2009,0,98,0,98.7
"Far Rockaway   ",4,2009,0,97.8,0,98.5
"Far Rockaway   ",3,2009,0,97.6,0,96.1
"Far Rockaway   ",2,2009,0,98.4,0,97.5
"Far Rockaway   ",1,2009,0,99.2,0,99.2
"Far Rockaway   ",12,2008,0,97.8,0,98.5
"Far Rockaway   ",11,2008,0,97.7,0,95.2
"Far Rockaway   ",10,2008,0,97.9,0,98.2
"Far Rockaway   ",9,2008,0,97.9,0,97.5
"Far Rockaway   ",8,2008,0,97.9,0,98.8
"Far Rockaway   ",7,2008,0,97.8,0,98.4
"Far Rockaway   ",6,2008,0,97.7,0,97.7
"Far Rockaway   ",5,2008,0,97.7,0,97.8
"Far Rockaway   ",4,2008,0,97.7,0,97.8
"Far Rockaway   ",3,2008,0,97.6,0,97
"Far Rockaway   ",2,2008,0,98,0,97.4
"Far Rockaway   ",1,2008,0,98.5,0,98.5
"Hicksville/Huntington  ",11,2018,92.5,88.8,92.5,85.3
"Hicksville/Huntington  ",10,2018,92.5,89.1,92.5,92.3
"Hicksville/Huntington  ",9,2018,92.5,88.8,92.5,91.7
"Hicksville/Huntington  ",8,2018,92.5,88.4,92.5,86.2
"Hicksville/Huntington  ",7,2018,92.5,88.7,92.5,87.4
"Hicksville/Huntington  ",6,2018,92.5,88.9,92.5,89.3
"Hicksville/Huntington  ",5,2018,92.5,88.9,92.5,90.6
"Hicksville/Huntington  ",4,2018,92.5,88.4,92.5,92.5
"Hicksville/Huntington  ",3,2018,92.5,87.2,92.5,86.4
"Hicksville/Huntington  ",2,2018,92.5,87.7,92.5,91.8
"Hicksville/Huntington  ",1,2018,92.5,84.1,92.5,84.1
"Hicksville/Huntington  ",12,2017,92.5,90.2,92.5,89.5
"Hicksville/Huntington  ",11,2017,92.5,90.3,92.5,87.6
"Hicksville/Huntington  ",10,2017,92.5,90.6,92.5,93.1
"Hicksville/Huntington  ",9,2017,92.5,90.3,92.5,93.3
"Hicksville/Huntington  ",8,2017,92.5,89.9,92.5,94.7
"Hicksville/Huntington  ",7,2017,92.5,89.2,92.5,93.6
"Hicksville/Huntington  ",6,2017,92.5,88.5,92.5,86.6
"Hicksville/Huntington  ",5,2017,92.5,88.8,92.5,88
"Hicksville/Huntington  ",4,2017,92.5,89.1,92.5,88.9
"Hicksville/Huntington  ",3,2017,92.5,89.1,92.5,87.8
"Hicksville/Huntington  ",2,2017,92.5,89.8,92.5,87.3
"Hicksville/Huntington  ",1,2017,92.5,92.1,92.5,92.1
"Hicksville/Huntington  ",12,2016,92.5,91.1,92.5,89.6
"Hicksville/Huntington  ",11,2016,92.5,91.3,92.5,88.8
"Hicksville/Huntington  ",10,2016,92.5,91.5,92.5,88.3
"Hicksville/Huntington  ",9,2016,92.5,91.9,92.5,94.2
"Hicksville/Huntington  ",8,2016,92.5,91.6,92.5,90.3
"Hicksville/Huntington  ",7,2016,92.5,91.7,92.5,88.7
"Hicksville/Huntington  ",6,2016,92.5,92.3,92.5,92.5
"Hicksville/Huntington  ",5,2016,92.5,92.2,92.5,95.2
"Hicksville/Huntington  ",4,2016,92.5,91.5,92.5,93.9
"Hicksville/Huntington  ",3,2016,92.5,90.7,92.5,93.9
"Hicksville/Huntington  ",2,2016,92.5,89,92.5,89.5
"Hicksville/Huntington  ",1,2016,92.5,88.4,92.5,88.4
"Hicksville/Huntington  ",12,2015,92.5,88.6,92.5,91.4
"Hicksville/Huntington  ",11,2015,92.5,88.4,92.5,88.3
"Hicksville/Huntington  ",10,2015,92.5,87.49,92.5,87.52
"Hicksville/Huntington  ",9,2015,92.5,88.4,92.5,86
"Hicksville/Huntington  ",8,2015,92.5,88.7,92.5,88.9
"Hicksville/Huntington  ",7,2015,92.5,88.6,92.5,88.8
"Hicksville/Huntington  ",6,2015,92.5,88.6,92.5,90.7
"Hicksville/Huntington  ",5,2015,92.5,88.2,92.5,91.1
"Hicksville/Huntington  ",4,2015,92.5,87.4,92.5,91
"Hicksville/Huntington  ",3,2015,92.5,86.23,92.5,87.12
"Hicksville/Huntington  ",2,2015,92.5,85.77,92.5,83.35
"Hicksville/Huntington  ",1,2015,92.5,88,92.5,88
"Hicksville/Huntington  ",12,2014,95.1,89.6,95.1,89.4
"Hicksville/Huntington  ",11,2014,95.1,89.7,95.1,91.5
"Hicksville/Huntington  ",10,2014,95.1,89.5,95.1,89.4
"Hicksville/Huntington  ",9,2014,95.1,89.5,95.1,91.7
"Hicksville/Huntington  ",8,2014,95.1,89.2,95.1,91.8
"Hicksville/Huntington  ",7,2014,95.1,88.9,95.1,92.7
"Hicksville/Huntington  ",6,2014,95.1,88.2,95.1,88.9
"Hicksville/Huntington  ",5,2014,95.1,88.1,95.1,88.6
"Hicksville/Huntington  ",4,2014,95.1,87.9,95.1,90.7
"Hicksville/Huntington  ",3,2014,95.1,87,95.1,89.6
"Hicksville/Huntington  ",2,2014,95.1,85.6,95.1,84.5
"Hicksville/Huntington  ",1,2014,95.1,86.7,95.1,86.7
"Hicksville/Huntington  ",12,2013,95.1,92.5,95.1,92.6
"Hicksville/Huntington  ",11,2013,95.1,92.5,95.1,91.5
"Hicksville/Huntington  ",10,2013,95.1,92.6,95.1,93.7
"Hicksville/Huntington  ",9,2013,95.1,92.4,95.1,92.7
"Hicksville/Huntington  ",8,2013,95.1,92.4,95.1,92.2
"Hicksville/Huntington  ",7,2013,95.1,92.4,95.1,92.6
"Hicksville/Huntington  ",6,2013,95.1,92.4,95.1,92
"Hicksville/Huntington  ",5,2013,95.1,92.5,95.1,93.9
"Hicksville/Huntington  ",4,2013,95.1,92.1,95.1,92.7
"Hicksville/Huntington  ",3,2013,95.1,91.9,95.1,91.5
"Hicksville/Huntington  ",2,2013,95.1,92.1,95.1,92.9
"Hicksville/Huntington  ",1,2013,95.1,91.4,95.1,91.4
"Hicksville/Huntington  ",12,2012,95.1,93.5,95.1,90.6
"Hicksville/Huntington  ",11,2012,95.1,93.8,95.1,85.7
"Hicksville/Huntington  ",10,2012,95.1,94.6,95.1,94.2
"Hicksville/Huntington  ",9,2012,95.1,94.6,95.1,95
"Hicksville/Huntington  ",8,2012,95.1,94.6,95.1,93.6
"Hicksville/Huntington  ",7,2012,95.1,94.7,95.1,93.1
"Hicksville/Huntington  ",6,2012,95.1,95,95.1,92.4
"Hicksville/Huntington  ",5,2012,95.1,95.5,95.1,95.7
"Hicksville/Huntington  ",4,2012,95.1,95.5,95.1,93.9
"Hicksville/Huntington  ",3,2012,95.1,96,95.1,95.4
"Hicksville/Huntington  ",2,2012,95.1,96.3,95.1,96.3
"Hicksville/Huntington  ",1,2012,95.1,96.2,95.1,96.2
"Hicksville/Huntington  ",12,2011,95.1,92.5,95.1,94.6
"Hicksville/Huntington  ",11,2011,95.1,92.3,95.1,92.1
"Hicksville/Huntington  ",10,2011,95.1,92.3,95.1,93.3
"Hicksville/Huntington  ",9,2011,95.1,92.2,95.1,88.4
"Hicksville/Huntington  ",8,2011,95.1,92.6,95.1,89.7
"Hicksville/Huntington  ",7,2011,95.1,93,95.1,94.6
"Hicksville/Huntington  ",6,2011,95.1,92.7,95.1,92.8
"Hicksville/Huntington  ",5,2011,95.1,92.7,95.1,92.7
"Hicksville/Huntington  ",4,2011,95.1,92.7,95.1,95.2
"Hicksville/Huntington  ",3,2011,95.1,91.9,95.1,94.8
"Hicksville/Huntington  ",2,2011,95.1,90.4,95.1,94
"Hicksville/Huntington  ",1,2011,95.1,87.2,95.1,87.2
"Hicksville/Huntington  ",12,2010,95.1,91.5,95.1,91.5
"Hicksville/Huntington  ",11,2010,95.1,91.4,95.1,94.3
"Hicksville/Huntington  ",10,2010,95.1,91.1,95.1,92.7
"Hicksville/Huntington  ",9,2010,95.1,90.9,95.1,91
"Hicksville/Huntington  ",8,2010,95.1,90.9,95.1,85.1
"Hicksville/Huntington  ",7,2010,95.1,91.8,95.1,91
"Hicksville/Huntington  ",6,2010,95.1,91.9,95.1,90.2
"Hicksville/Huntington  ",5,2010,95.1,92.2,95.1,93.3
"Hicksville/Huntington  ",4,2010,95.1,92,95.1,89.8
"Hicksville/Huntington  ",3,2010,95.1,92.6,95.1,88.7
"Hicksville/Huntington  ",2,2010,95.1,94.7,95.1,92.8
"Hicksville/Huntington  ",1,2010,95.1,96.4,95.1,96.4
"Hicksville/Huntington  ",12,2009,0,94.4,0,90.2
"Hicksville/Huntington  ",11,2009,0,94.8,0,95.1
"Hicksville/Huntington  ",10,2009,0,94.8,0,93.8
"Hicksville/Huntington  ",9,2009,0,94.9,0,95.1
"Hicksville/Huntington  ",8,2009,0,94.9,0,94.9
"Hicksville/Huntington  ",7,2009,0,94.8,0,93.4
"Hicksville/Huntington  ",6,2009,0,95.1,0,93.7
"Hicksville/Huntington  ",5,2009,0,95.4,0,95.7
"Hicksville/Huntington  ",4,2009,0,95.3,0,96.6
"Hicksville/Huntington  ",3,2009,0,94.9,0,93.8
"Hicksville/Huntington  ",2,2009,0,95.4,0,94.5
"Hicksville/Huntington  ",1,2009,0,96.3,0,96.3
"Hicksville/Huntington  ",12,2008,0,94.5,0,93.6
"Hicksville/Huntington  ",11,2008,0,94.6,0,92.1
"Hicksville/Huntington  ",10,2008,0,94.8,0,93.1
"Hicksville/Huntington  ",9,2008,0,95,0,94.7
"Hicksville/Huntington  ",8,2008,0,95.1,0,96.6
"Hicksville/Huntington  ",7,2008,0,94.9,0,95.5
"Hicksville/Huntington  ",6,2008,0,94.8,0,95.4
"Hicksville/Huntington  ",5,2008,0,94.6,0,95.6
"Hicksville/Huntington  ",4,2008,0,94.4,0,95.2
"Hicksville/Huntington  ",3,2008,0,94.1,0,93.3
"Hicksville/Huntington  ",2,2008,0,94.6,0,94.3
"Hicksville/Huntington  ",1,2008,0,94.8,0,94.8
"Hempstead  ",11,2018,96.5,92.4,96.5,90.2
"Hempstead  ",10,2018,96.5,92.6,96.5,95.8
"Hempstead  ",9,2018,96.5,92.2,96.5,96.3
"Hempstead  ",8,2018,96.5,91.7,96.5,92.3
"Hempstead  ",7,2018,96.5,91.6,96.5,93.4
"Hempstead  ",6,2018,96.5,91.3,96.5,93.9
"Hempstead  ",5,2018,96.5,90.8,96.5,94.2
"Hempstead  ",4,2018,96.5,89.9,96.5,94.5
"Hempstead  ",3,2018,96.5,88.3,96.5,88.1
"Hempstead  ",2,2018,96.5,88.5,96.5,92.7
"Hempstead  ",1,2018,96.5,84.7,96.5,84.7
"Hempstead  ",12,2017,96.5,93.8,96.5,92.8
"Hempstead  ",11,2017,96.5,93.9,96.5,94
"Hempstead  ",10,2017,96.5,93.9,96.5,96.1
"Hempstead  ",9,2017,96.5,93.7,96.5,95.6
"Hempstead  ",8,2017,96.5,93.4,96.5,96.5
"Hempstead  ",7,2017,96.5,92.9,96.5,95.5
"Hempstead  ",6,2017,96.5,92.5,96.5,91.6
"Hempstead  ",5,2017,96.5,92.7,96.5,93.7
"Hempstead  ",4,2017,96.5,92.5,96.5,93.7
"Hempstead  ",3,2017,96.5,92,96.5,92.9
"Hempstead  ",2,2017,96.5,91.6,96.5,90.3
"Hempstead  ",1,2017,96.5,92.7,96.5,92.7
"Hempstead  ",12,2016,96.5,95.7,96.5,93.8
"Hempstead  ",11,2016,96.5,95.9,96.5,94.7
"Hempstead  ",10,2016,96.5,96,96.5,95.1
"Hempstead  ",9,2016,96.5,96.2,96.5,96.8
"Hempstead  ",8,2016,96.5,96.1,96.5,96
"Hempstead  ",7,2016,96.5,96.1,96.5,92.5
"Hempstead  ",6,2016,96.5,96.7,96.5,97.3
"Hempstead  ",5,2016,96.5,96.6,96.5,98
"Hempstead  ",4,2016,96.5,96.2,96.5,96.9
"Hempstead  ",3,2016,96.5,95.9,96.5,97.7
"Hempstead  ",2,2016,96.5,94.9,96.5,94.4
"Hempstead  ",1,2016,96.5,95.5,96.5,95.5
"Hempstead  ",12,2015,96.5,94.8,96.5,97.5
"Hempstead  ",11,2015,96.5,94.6,96.5,95.9
"Hempstead  ",10,2015,96.5,94.08,96.5,95.39
"Hempstead  ",9,2015,96.5,94.3,96.5,94.6
"Hempstead  ",8,2015,96.5,94.3,96.5,94.1
"Hempstead  ",7,2015,96.5,94.3,96.5,92.6
"Hempstead  ",6,2015,96.5,94.6,96.5,93.9
"Hempstead  ",5,2015,96.5,94.7,96.5,96.2
"Hempstead  ",4,2015,96.5,94.3,96.5,96.5
"Hempstead  ",3,2015,96.5,93.53,96.5,94.46
"Hempstead  ",2,2015,96.5,93.03,96.5,91.96
"Hempstead  ",1,2015,96.5,94,96.5,94
"Hempstead  ",12,2014,95.1,95.1,95.1,95.3
"Hempstead  ",11,2014,95.1,95.1,95.1,96.2
"Hempstead  ",10,2014,95.1,94.9,95.1,95.8
"Hempstead  ",9,2014,95.1,94.8,95.1,95.7
"Hempstead  ",8,2014,95.1,94.7,95.1,96.4
"Hempstead  ",7,2014,95.1,94.5,95.1,96.3
"Hempstead  ",6,2014,95.1,94.2,95.1,95
"Hempstead  ",5,2014,95.1,94,95.1,94.9
"Hempstead  ",4,2014,95.1,93.8,95.1,94.2
"Hempstead  ",3,2014,95.1,93.6,95.1,95.4
"Hempstead  ",2,2014,95.1,92.7,95.1,92.7
"Hempstead  ",1,2014,95.1,92.7,95.1,92.7
"Hempstead  ",12,2013,95.1,96.4,95.1,96.3
"Hempstead  ",11,2013,95.1,96.4,95.1,94.7
"Hempstead  ",10,2013,95.1,96.6,95.1,97.4
"Hempstead  ",9,2013,95.1,96.5,95.1,97.4
"Hempstead  ",8,2013,95.1,96.4,95.1,95.1
"Hempstead  ",7,2013,95.1,96.6,95.1,96.6
"Hempstead  ",6,2013,95.1,96.6,95.1,97
"Hempstead  ",5,2013,95.1,96.5,95.1,95.3
"Hempstead  ",4,2013,95.1,96.8,95.1,97.7
"Hempstead  ",3,2013,95.1,96.5,95.1,95.9
"Hempstead  ",2,2013,95.1,96.8,95.1,96.7
"Hempstead  ",1,2013,95.1,97,95.1,97
"Hempstead  ",12,2012,95.1,97,95.1,96.8
"Hempstead  ",11,2012,95.1,97.1,95.1,91.4
"Hempstead  ",10,2012,95.1,97.5,95.1,98.8
"Hempstead  ",9,2012,95.1,97.4,95.1,97.6
"Hempstead  ",8,2012,95.1,97.4,95.1,96.4
"Hempstead  ",7,2012,95.1,97.5,95.1,97.6
"Hempstead  ",6,2012,95.1,97.5,95.1,95.8
"Hempstead  ",5,2012,95.1,97.8,95.1,98.2
"Hempstead  ",4,2012,95.1,97.7,95.1,97.8
"Hempstead  ",3,2012,95.1,97.6,95.1,97.7
"Hempstead  ",2,2012,95.1,97.6,95.1,98.1
"Hempstead  ",1,2012,95.1,97.2,95.1,97.2
"Hempstead  ",12,2011,95.1,96.6,95.1,98.2
"Hempstead  ",11,2011,95.1,96.5,95.1,97.6
"Hempstead  ",10,2011,95.1,96.4,95.1,96.8
"Hempstead  ",9,2011,95.1,96.3,95.1,94.5
"Hempstead  ",8,2011,95.1,96.6,95.1,94.1
"Hempstead  ",7,2011,95.1,96.9,95.1,97.2
"Hempstead  ",6,2011,95.1,96.9,95.1,97.1
"Hempstead  ",5,2011,95.1,96.9,95.1,97.4
"Hempstead  ",4,2011,95.1,96.7,95.1,98
"Hempstead  ",3,2011,95.1,96.3,95.1,98
"Hempstead  ",2,2011,95.1,95.3,95.1,97.5
"Hempstead  ",1,2011,95.1,93.4,95.1,93.4
"Hempstead  ",12,2010,95.1,95.9,95.1,96
"Hempstead  ",11,2010,95.1,95.7,95.1,96.6
"Hempstead  ",10,2010,95.1,95.6,95.1,95.2
"Hempstead  ",9,2010,95.1,95.7,95.1,96
"Hempstead  ",8,2010,95.1,95.6,95.1,90.5
"Hempstead  ",7,2010,95.1,96.4,95.1,95.5
"Hempstead  ",6,2010,95.1,96.5,95.1,96.8
"Hempstead  ",5,2010,95.1,96.5,95.1,96.2
"Hempstead  ",4,2010,95.1,96.5,95.1,95.1
"Hempstead  ",3,2010,95.1,97,95.1,96.2
"Hempstead  ",2,2010,95.1,97.5,95.1,96.4
"Hempstead  ",1,2010,95.1,98.5,95.1,98.5
"Hempstead  ",12,2009,0,97.3,0,95.7
"Hempstead  ",11,2009,0,97.4,0,98
"Hempstead  ",10,2009,0,97.4,0,97.4
"Hempstead  ",9,2009,0,97.3,0,98.1
"Hempstead  ",8,2009,0,97.3,0,97.8
"Hempstead  ",7,2009,0,97.2,0,97.6
"Hempstead  ",6,2009,0,97.1,0,97.8
"Hempstead  ",5,2009,0,97,0,97.6
"Hempstead  ",4,2009,0,96.8,0,98.3
"Hempstead  ",3,2009,0,96.3,0,95.6
"Hempstead  ",2,2009,0,96.7,0,97.1
"Hempstead  ",1,2009,0,96.3,0,96.3
"Hempstead  ",12,2008,0,96.9,0,96.6
"Hempstead  ",11,2008,0,96.9,0,94.2
"Hempstead  ",10,2008,0,97.2,0,96.9
"Hempstead  ",9,2008,0,97.2,0,97.6
"Hempstead  ",8,2008,0,97.2,0,98.2
"Hempstead  ",7,2008,0,97.1,0,97.8
"Hempstead  ",6,2008,0,96.9,0,97.9
"Hempstead  ",5,2008,0,96.7,0,96.8
"Hempstead  ",4,2008,0,96.7,0,96.4
"Hempstead  ",3,2008,0,96.8,0,95.6
"Hempstead  ",2,2008,0,97.4,0,97.1
"Hempstead  ",1,2008,0,97.7,0,97.7
" Long Beach ",11,2018,95.9,92.3,95.9,88.9
" Long Beach ",10,2018,95.9,92.6,95.9,94.3
" Long Beach ",9,2018,95.9,92.5,95.9,93.8
" Long Beach ",8,2018,95.9,92.3,95.9,91.7
" Long Beach ",7,2018,95.9,92.4,95.9,91.4
" Long Beach ",6,2018,95.9,92.6,95.9,95
" Long Beach ",5,2018,95.9,92.1,95.9,94.1
" Long Beach ",4,2018,95.9,91.5,95.9,95.1
" Long Beach ",3,2018,95.9,90.3,95.9,92
" Long Beach ",2,2018,95.9,89.5,95.9,94.3
" Long Beach ",1,2018,95.9,85.1,95.9,85.1
" Long Beach ",12,2017,95.9,93.5,95.9,92.7
" Long Beach ",11,2017,95.9,93.5,95.9,95.1
" Long Beach ",10,2017,95.9,93.4,95.9,96.4
" Long Beach ",9,2017,95.9,93.1,95.9,95.1
" Long Beach ",8,2017,95.9,92.8,95.9,96.2
" Long Beach ",7,2017,95.9,92.3,95.9,94
" Long Beach ",6,2017,95.9,92,95.9,91.7
" Long Beach ",5,2017,95.9,92.1,95.9,91.7
" Long Beach ",4,2017,95.9,92.2,95.9,93.5
" Long Beach ",3,2017,95.9,91.7,95.9,92.2
" Long Beach ",2,2017,95.9,91.5,95.9,90.5
" Long Beach ",1,2017,95.9,92.4,95.9,92.4
" Long Beach ",12,2016,95.9,94.9,95.9,94.4
" Long Beach ",11,2016,95.9,94.9,95.9,94.6
" Long Beach ",10,2016,95.9,95,95.9,96.1
" Long Beach ",9,2016,95.9,94.8,95.9,94.7
" Long Beach ",8,2016,95.9,94.9,95.9,94.2
" Long Beach ",7,2016,95.9,95,95.9,91.5
" Long Beach ",6,2016,95.9,95.6,95.9,96
" Long Beach ",5,2016,95.9,95.5,95.9,96.1
" Long Beach ",4,2016,95.9,95.3,95.9,96.4
" Long Beach ",3,2016,95.9,95,95.9,97
" Long Beach ",2,2016,95.9,93.8,95.9,93
" Long Beach ",1,2016,95.9,94.6,95.9,94.6
" Long Beach ",12,2015,95.9,93.3,95.9,96.3
" Long Beach ",11,2015,95.9,93,95.9,94.6
" Long Beach ",10,2015,95.9,92.79,95.9,93.39
" Long Beach ",9,2015,95.9,92.7,95.9,91.8
" Long Beach ",8,2015,95.9,92.9,95.9,92.6
" Long Beach ",7,2015,95.9,92.9,95.9,92.2
" Long Beach ",6,2015,95.9,93,95.9,94.4
" Long Beach ",5,2015,95.9,92.8,95.9,95
" Long Beach ",4,2015,95.9,92.2,95.9,94.5
" Long Beach ",3,2015,95.9,91.37,95.9,93.47
" Long Beach ",2,2015,95.9,90.23,95.9,90.1
" Long Beach ",1,2015,95.9,90.4,95.9,90.4
" Long Beach ",12,2014,95.1,93.7,95.1,92.7
" Long Beach ",11,2014,95.1,93.8,95.1,94.7
" Long Beach ",10,2014,95.1,93.7,95.1,94.7
" Long Beach ",9,2014,95.1,93.6,95.1,95.1
" Long Beach ",8,2014,95.1,93.4,95.1,94
" Long Beach ",7,2014,95.1,93.3,95.1,94.2
" Long Beach ",6,2014,95.1,93.1,95.1,93.8
" Long Beach ",5,2014,95.1,93,95.1,91.6
" Long Beach ",4,2014,95.1,93.3,95.1,94.7
" Long Beach ",3,2014,95.1,92.8,95.1,94.6
" Long Beach ",2,2014,95.1,92,95.1,93.2
" Long Beach ",1,2014,95.1,90.8,95.1,90.8
" Long Beach ",12,2013,95.1,95.3,95.1,97.1
" Long Beach ",11,2013,95.1,95.1,95.1,94.2
" Long Beach ",10,2013,95.1,95.2,95.1,96.6
" Long Beach ",9,2013,95.1,95.1,95.1,95.3
" Long Beach ",8,2013,95.1,95,95.1,93.4
" Long Beach ",7,2013,95.1,95.3,95.1,93.7
" Long Beach ",6,2013,95.1,95.6,95.1,96.1
" Long Beach ",5,2013,95.1,95.4,95.1,96.2
" Long Beach ",4,2013,95.1,95.3,95.1,96.3
" Long Beach ",3,2013,95.1,94.9,95.1,92.9
" Long Beach ",2,2013,95.1,95.9,95.1,96.6
" Long Beach ",1,2013,95.1,95.4,95.1,95.4
" Long Beach ",12,2012,95.1,96.3,95.1,95.4
" Long Beach ",11,2012,95.1,96.4,95.1,95.2
" Long Beach ",10,2012,95.1,96.5,95.1,96.5
" Long Beach ",9,2012,95.1,96.5,95.1,95.7
" Long Beach ",8,2012,95.1,96.6,95.1,96
" Long Beach ",7,2012,95.1,96.7,95.1,95.8
" Long Beach ",6,2012,95.1,96.8,95.1,94.9
" Long Beach ",5,2012,95.1,97.2,95.1,97.1
" Long Beach ",4,2012,95.1,97.2,95.1,96.8
" Long Beach ",3,2012,95.1,97.3,95.1,96.9
" Long Beach ",2,2012,95.1,97.6,95.1,98
" Long Beach ",1,2012,95.1,97.1,95.1,97.1
" Long Beach ",12,2011,95.1,95.8,95.1,98.1
" Long Beach ",11,2011,95.1,95.5,95.1,97.5
" Long Beach ",10,2011,95.1,95.3,95.1,96.7
" Long Beach ",9,2011,95.1,95.2,95.1,93.5
" Long Beach ",8,2011,95.1,95.4,95.1,92.5
" Long Beach ",7,2011,95.1,95.8,95.1,94.7
" Long Beach ",6,2011,95.1,96,95.1,94.9
" Long Beach ",5,2011,95.1,96.2,95.1,96
" Long Beach ",4,2011,95.1,96.3,95.1,98
" Long Beach ",3,2011,95.1,95.7,95.1,96.7
" Long Beach ",2,2011,95.1,95.1,95.1,97.3
" Long Beach ",1,2011,95.1,93.2,95.1,93.2
" Long Beach ",12,2010,95.1,95.4,95.1,95.2
" Long Beach ",11,2010,95.1,95.3,95.1,98
" Long Beach ",10,2010,95.1,95.1,95.1,96.5
" Long Beach ",9,2010,95.1,94.9,95.1,95.6
" Long Beach ",8,2010,95.1,94.8,95.1,89.4
" Long Beach ",7,2010,95.1,95.6,95.1,95.7
" Long Beach ",6,2010,95.1,95.6,95.1,95.5
" Long Beach ",5,2010,95.1,95.7,95.1,96.6
" Long Beach ",4,2010,95.1,95.4,95.1,92.9
" Long Beach ",3,2010,95.1,96.3,95.1,94.8
" Long Beach ",2,2010,95.1,97.1,95.1,96.1
" Long Beach ",1,2010,95.1,98.1,95.1,98.1
" Long Beach ",12,2009,0,96.4,0,93.8
" Long Beach ",11,2009,0,96.6,0,96.7
" Long Beach ",10,2009,0,96.6,0,97.4
" Long Beach ",9,2009,0,96.5,0,94.9
" Long Beach ",8,2009,0,96.7,0,96.3
" Long Beach ",7,2009,0,96.8,0,95.6
" Long Beach ",6,2009,0,97,0,96.6
" Long Beach ",5,2009,0,97.1,0,97.9
" Long Beach ",4,2009,0,96.9,0,97.3
" Long Beach ",3,2009,0,96.8,0,95.1
" Long Beach ",2,2009,0,97.6,0,97.6
" Long Beach ",1,2009,0,97.6,0,97.6
" Long Beach ",12,2008,0,96.4,0,97.7
" Long Beach ",11,2008,0,96.3,0,93.7
" Long Beach ",10,2008,0,96.5,0,97.1
" Long Beach ",9,2008,0,96.5,0,96.9
" Long Beach ",8,2008,0,96.4,0,96.7
" Long Beach ",7,2008,0,96.4,0,95.3
" Long Beach ",6,2008,0,96.6,0,95.8
" Long Beach ",5,2008,0,96.7,0,97.4
" Long Beach ",4,2008,0,96.5,0,96.9
" Long Beach ",3,2008,0,96.4,0,94.9
" Long Beach ",2,2008,0,97.1,0,96.1
" Long Beach ",1,2008,0,98.1,0,98.1
"Montauk ",11,2018,90.8,88.4,90.8,85.8
"Montauk ",10,2018,90.8,88.7,90.8,92.4
"Montauk ",9,2018,90.8,88.3,90.8,90.4
"Montauk ",8,2018,90.8,88,90.8,83.4
"Montauk ",7,2018,90.8,88.7,90.8,84
"Montauk ",6,2018,90.8,89.6,90.8,85.6
"Montauk ",5,2018,90.8,90.4,90.8,91.4
"Montauk ",4,2018,90.8,90.2,90.8,94.7
"Montauk ",3,2018,90.8,88.7,90.8,90.4
"Montauk ",2,2018,90.8,87.8,90.8,94
"Montauk ",1,2018,90.8,82.3,90.8,82.3
"Montauk ",12,2017,90.8,88.8,90.8,83.9
"Montauk ",11,2017,90.8,89.2,90.8,88.7
"Montauk ",10,2017,90.8,89.2,90.8,90.9
"Montauk ",9,2017,90.8,89.1,90.8,90.3
"Montauk ",8,2017,90.8,88.9,90.8,88.2
"Montauk ",7,2017,90.8,89,90.8,85.9
"Montauk ",6,2017,90.8,89.6,90.8,85.2
"Montauk ",5,2017,90.8,90.5,90.8,89
"Montauk ",4,2017,90.8,90.9,90.8,91.9
"Montauk ",3,2017,90.8,90.6,90.8,91.1
"Montauk ",2,2017,90.8,90.3,90.8,88.9
"Montauk ",1,2017,90.8,91.7,90.8,91.7
"Montauk ",12,2016,90.8,90.2,90.8,92.3
"Montauk ",11,2016,90.8,90.1,90.8,90
"Montauk ",10,2016,90.8,90.1,90.8,88.7
"Montauk ",9,2016,90.8,90.2,90.8,93.1
"Montauk ",8,2016,90.8,89.8,90.8,87
"Montauk ",7,2016,90.8,90.3,90.8,80.9
"Montauk ",6,2016,90.8,92,90.8,89.8
"Montauk ",5,2016,90.8,92.4,90.8,94.3
"Montauk ",4,2016,90.8,91.9,90.8,92.3
"Montauk ",3,2016,90.8,91.8,90.8,93.3
"Montauk ",2,2016,90.8,91,90.8,91.4
"Montauk ",1,2016,90.8,90.6,90.8,90.6
"Montauk ",12,2015,90.8,90,90.8,92.6
"Montauk ",11,2015,90.8,89.8,90.8,91.8
"Montauk ",10,2015,90.8,89.89,90.8,93.55
"Montauk ",9,2015,90.8,89.1,90.8,89.8
"Montauk ",8,2015,90.8,89,90.8,89.2
"Montauk ",7,2015,90.8,89,90.8,84.6
"Montauk ",6,2015,90.8,89.9,90.8,92.3
"Montauk ",5,2015,90.8,89.3,90.8,90.4
"Montauk ",4,2015,90.8,89,90.8,94.6
"Montauk ",3,2015,90.8,87.32,90.8,89.53
"Montauk ",2,2015,90.8,86.18,90.8,83.92
"Montauk ",1,2015,90.8,88.3,90.8,88.3
"Montauk ",12,2014,95.1,89.9,95.1,91.3
"Montauk ",11,2014,95.1,89.8,95.1,92.4
"Montauk ",10,2014,95.1,89.6,95.1,93.3
"Montauk ",9,2014,95.1,89.1,95.1,91.4
"Montauk ",8,2014,95.1,88.8,95.1,86.8
"Montauk ",7,2014,95.1,89.2,95.1,86.5
"Montauk ",6,2014,95.1,89.7,95.1,88.9
"Montauk ",5,2014,95.1,89.8,95.1,88.4
"Montauk ",4,2014,95.1,90.2,95.1,93.6
"Montauk ",3,2014,95.1,89.1,95.1,92.3
"Montauk ",2,2014,95.1,87.4,95.1,88.4
"Montauk ",1,2014,95.1,86.4,95.1,86.4
"Montauk ",12,2013,95.1,90.8,95.1,91.9
"Montauk ",11,2013,95.1,90.7,95.1,89.1
"Montauk ",10,2013,95.1,90.9,95.1,93.4
"Montauk ",9,2013,95.1,90.6,95.1,92
"Montauk ",8,2013,95.1,90.4,95.1,87.8
"Montauk ",7,2013,95.1,90.8,95.1,87.2
"Montauk ",6,2013,95.1,91.5,95.1,88.5
"Montauk ",5,2013,95.1,92.2,95.1,93
"Montauk ",4,2013,95.1,92,95.1,94.5
"Montauk ",3,2013,95.1,91.1,95.1,92.6
"Montauk ",2,2013,95.1,90.1,95.1,89.7
"Montauk ",1,2013,95.1,90.5,95.1,90.5
"Montauk ",12,2012,95.1,90.8,95.1,93.5
"Montauk ",11,2012,95.1,90.6,95.1,84.8
"Montauk ",10,2012,95.1,91,95.1,93.2
"Montauk ",9,2012,95.1,90.8,95.1,92
"Montauk ",8,2012,95.1,90.7,95.1,85.6
"Montauk ",7,2012,95.1,91.5,95.1,85.9
"Montauk ",6,2012,95.1,92.5,95.1,86.6
"Montauk ",5,2012,95.1,93.7,95.1,91
"Montauk ",4,2012,95.1,94.4,95.1,92.3
"Montauk ",3,2012,95.1,95.1,95.1,94.5
"Montauk ",2,2012,95.1,95.4,95.1,95
"Montauk ",1,2012,95.1,95.7,95.1,95.7
"Montauk ",12,2011,95.1,89.1,95.1,93.8
"Montauk ",11,2011,95.1,88.7,95.1,94.2
"Montauk ",10,2011,95.1,88.1,95.1,91.2
"Montauk ",9,2011,95.1,87.8,95.1,88.9
"Montauk ",8,2011,95.1,87.7,95.1,83.4
"Montauk ",7,2011,95.1,88.3,95.1,84
"Montauk ",6,2011,95.1,89.1,95.1,87.5
"Montauk ",5,2011,95.1,89.5,95.1,87.7
"Montauk ",4,2011,95.1,89.9,95.1,90.1
"Montauk ",3,2011,95.1,89.9,95.1,92.2
"Montauk ",2,2011,95.1,88.8,95.1,93.6
"Montauk ",1,2011,95.1,84.3,95.1,84.3
"Montauk ",12,2010,95.1,89.4,95.1,93
"Montauk ",11,2010,95.1,89,95.1,88.5
"Montauk ",10,2010,95.1,89.1,95.1,91.4
"Montauk ",9,2010,95.1,88.8,95.1,87.4
"Montauk ",8,2010,95.1,89,95.1,83
"Montauk ",7,2010,95.1,89.9,95.1,87.1
"Montauk ",6,2010,95.1,90.4,95.1,89.8
"Montauk ",5,2010,95.1,90.6,95.1,90.9
"Montauk ",4,2010,95.1,90.5,95.1,82.4
"Montauk ",3,2010,95.1,93,95.1,90
"Montauk ",2,2010,95.1,94.6,95.1,92.7
"Montauk ",1,2010,95.1,96.4,95.1,96.4
"Montauk ",12,2009,0,92.3,0,87.9
"Montauk ",11,2009,0,92.7,0,89.8
"Montauk ",10,2009,0,92.9,0,91.4
"Montauk ",9,2009,0,93.1,0,93.5
"Montauk ",8,2009,0,93,0,90.5
"Montauk ",7,2009,0,93.4,0,89.5
"Montauk ",6,2009,0,94.1,0,94.7
"Montauk ",5,2009,0,94,0,93.3
"Montauk ",4,2009,0,94.2,0,94.4
"Montauk ",3,2009,0,94.1,0,91.6
"Montauk ",2,2009,0,95.4,0,95.2
"Montauk ",1,2009,0,95.6,0,95.6
"Montauk ",12,2008,0,93.7,0,94.5
"Montauk ",11,2008,0,93.6,0,89.9
"Montauk ",10,2008,0,94,0,94.4
"Montauk ",9,2008,0,93.9,0,94.1
"Montauk ",8,2008,0,93.9,0,93.1
"Montauk ",7,2008,0,94,0,90.2
"Montauk ",6,2008,0,94.6,0,92.3
"Montauk ",5,2008,0,95.1,0,95.3
"Montauk ",4,2008,0,95,0,96.4
"Montauk ",3,2008,0,94.6,0,93
"Montauk ",2,2008,0,95.4,0,94.2
"Montauk ",1,2008,0,96.5,0,96.5
"Oyster Bay  ",11,2018,94.1,89.8,94.1,83.3
"Oyster Bay  ",10,2018,94.1,90.4,94.1,92.2
"Oyster Bay  ",9,2018,94.1,90.2,94.1,93.6
"Oyster Bay  ",8,2018,94.1,89.8,94.1,90
"Oyster Bay  ",7,2018,94.1,89.8,94.1,91.3
"Oyster Bay  ",6,2018,94.1,89.5,94.1,91.8
"Oyster Bay  ",5,2018,94.1,89.1,94.1,89.6
"Oyster Bay  ",4,2018,94.1,88.9,94.1,93.2
"Oyster Bay  ",3,2018,94.1,87.5,94.1,85
"Oyster Bay  ",2,2018,94.1,88.8,94.1,93.4
"Oyster Bay  ",1,2018,94.1,84.7,94.1,84.7
"Oyster Bay  ",12,2017,94.1,91.8,94.1,89
"Oyster Bay  ",11,2017,94.1,92.1,94.1,91.2
"Oyster Bay  ",10,2017,94.1,92.1,94.1,92
"Oyster Bay  ",9,2017,94.1,92.2,94.1,95.7
"Oyster Bay  ",8,2017,94.1,91.7,94.1,96.3
"Oyster Bay  ",7,2017,94.1,91,94.1,94.7
"Oyster Bay  ",6,2017,94.1,90.4,94.1,90.6
"Oyster Bay  ",5,2017,94.1,90.4,94.1,89.4
"Oyster Bay  ",4,2017,94.1,90.6,94.1,90.6
"Oyster Bay  ",3,2017,94.1,90.6,94.1,88.7
"Oyster Bay  ",2,2017,94.1,91.6,94.1,90
"Oyster Bay  ",1,2017,94.1,93,94.1,93
"Oyster Bay  ",12,2016,94.1,92.5,94.1,91.3
"Oyster Bay  ",11,2016,94.1,92.6,94.1,89.6
"Oyster Bay  ",10,2016,94.1,92.9,94.1,86.9
"Oyster Bay  ",9,2016,94.1,93.6,94.1,97
"Oyster Bay  ",8,2016,94.1,93.2,94.1,93.7
"Oyster Bay  ",7,2016,94.1,93.1,94.1,91.1
"Oyster Bay  ",6,2016,94.1,93.5,94.1,93.2
"Oyster Bay  ",5,2016,94.1,93.5,94.1,96.1
"Oyster Bay  ",4,2016,94.1,92.9,94.1,96.5
"Oyster Bay  ",3,2016,94.1,91.6,94.1,93.6
"Oyster Bay  ",2,2016,94.1,90.6,94.1,91.6
"Oyster Bay  ",1,2016,94.1,89.5,94.1,89.5
"Oyster Bay  ",12,2015,94.1,92.4,94.1,91.9
"Oyster Bay  ",11,2015,94.1,92.4,94.1,91.3
"Oyster Bay  ",10,2015,94.1,91.74,94.1,90.72
"Oyster Bay  ",9,2015,94.1,92.6,94.1,90
"Oyster Bay  ",8,2015,94.1,93,94.1,92.9
"Oyster Bay  ",7,2015,94.1,93,94.1,94.1
"Oyster Bay  ",6,2015,94.1,92.8,94.1,94.8
"Oyster Bay  ",5,2015,94.1,92.3,94.1,94.7
"Oyster Bay  ",4,2015,94.1,91.7,94.1,96.3
"Oyster Bay  ",3,2015,94.1,90.09,94.1,90.95
"Oyster Bay  ",2,2015,94.1,89.63,94.1,86.39
"Oyster Bay  ",1,2015,94.1,92.7,94.1,92.7
"Oyster Bay  ",12,2014,95.1,92.8,95.1,92.5
"Oyster Bay  ",11,2014,95.1,92.8,95.1,93.8
"Oyster Bay  ",10,2014,95.1,92.7,95.1,92.7
"Oyster Bay  ",9,2014,95.1,92.7,95.1,94.9
"Oyster Bay  ",8,2014,95.1,92.5,95.1,95.6
"Oyster Bay  ",7,2014,95.1,92,95.1,93.8
"Oyster Bay  ",6,2014,95.1,91.7,95.1,93.3
"Oyster Bay  ",5,2014,95.1,91.3,95.1,92.3
"Oyster Bay  ",4,2014,95.1,91.1,95.1,93
"Oyster Bay  ",3,2014,95.1,90.5,95.1,93.7
"Oyster Bay  ",2,2014,95.1,88.7,95.1,89.5
"Oyster Bay  ",1,2014,95.1,88.1,95.1,88.1
"Oyster Bay  ",12,2013,95.1,92.8,95.1,93.4
"Oyster Bay  ",11,2013,95.1,92.8,95.1,91.6
"Oyster Bay  ",10,2013,95.1,92.9,95.1,94.1
"Oyster Bay  ",9,2013,95.1,92.8,95.1,92.7
"Oyster Bay  ",8,2013,95.1,92.8,95.1,92.1
"Oyster Bay  ",7,2013,95.1,92.9,95.1,95
"Oyster Bay  ",6,2013,95.1,92.5,95.1,92.8
"Oyster Bay  ",5,2013,95.1,92.5,95.1,93.5
"Oyster Bay  ",4,2013,95.1,92.2,95.1,89.8
"Oyster Bay  ",3,2013,95.1,93,95.1,91.7
"Oyster Bay  ",2,2013,95.1,93.7,95.1,93.6
"Oyster Bay  ",1,2013,95.1,93.8,95.1,93.8
"Oyster Bay  ",12,2012,95.1,94.7,95.1,93.1
"Oyster Bay  ",11,2012,95.1,94.9,95.1,89
"Oyster Bay  ",10,2012,95.1,95.4,95.1,96.1
"Oyster Bay  ",9,2012,95.1,95.3,95.1,94.2
"Oyster Bay  ",8,2012,95.1,95.4,95.1,96.1
"Oyster Bay  ",7,2012,95.1,95.3,95.1,91.8
"Oyster Bay  ",6,2012,95.1,95.9,95.1,95
"Oyster Bay  ",5,2012,95.1,96.1,95.1,95.4
"Oyster Bay  ",4,2012,95.1,96.3,95.1,97.1
"Oyster Bay  ",3,2012,95.1,96,95.1,96.5
"Oyster Bay  ",2,2012,95.1,95.8,95.1,96.1
"Oyster Bay  ",1,2012,95.1,95.5,95.1,95.5
"Oyster Bay  ",12,2011,95.1,94,95.1,95.7
"Oyster Bay  ",11,2011,95.1,93.8,95.1,95.3
"Oyster Bay  ",10,2011,95.1,93.7,95.1,93.1
"Oyster Bay  ",9,2011,95.1,93.7,95.1,92.4
"Oyster Bay  ",8,2011,95.1,93.9,95.1,93.1
"Oyster Bay  ",7,2011,95.1,94,95.1,96
"Oyster Bay  ",6,2011,95.1,93.7,95.1,93.8
"Oyster Bay  ",5,2011,95.1,93.7,95.1,94.6
"Oyster Bay  ",4,2011,95.1,93.5,95.1,97.9
"Oyster Bay  ",3,2011,95.1,92,95.1,96.9
"Oyster Bay  ",2,2011,95.1,89.2,95.1,92.3
"Oyster Bay  ",1,2011,95.1,86.5,95.1,86.5
"Oyster Bay  ",12,2010,95.1,93.3,95.1,92
"Oyster Bay  ",11,2010,95.1,93.1,95.1,93.8
"Oyster Bay  ",10,2010,95.1,93,95.1,92.7
"Oyster Bay  ",9,2010,95.1,93.1,95.1,92
"Oyster Bay  ",8,2010,95.1,93.2,95.1,85.6
"Oyster Bay  ",7,2010,95.1,94.3,95.1,94.7
"Oyster Bay  ",6,2010,95.1,94.3,95.1,93.4
"Oyster Bay  ",5,2010,95.1,94.5,95.1,96
"Oyster Bay  ",4,2010,95.1,94.1,95.1,94.1
"Oyster Bay  ",3,2010,95.1,94.1,95.1,93.3
"Oyster Bay  ",2,2010,95.1,94.5,95.1,91.4
"Oyster Bay  ",1,2010,95.1,97.3,95.1,97.3
"Oyster Bay  ",12,2009,0,94.9,0,90.9
"Oyster Bay  ",11,2009,0,95.3,0,95.1
"Oyster Bay  ",10,2009,0,95.3,0,93.6
"Oyster Bay  ",9,2009,0,95.5,0,95.1
"Oyster Bay  ",8,2009,0,95.5,0,96.3
"Oyster Bay  ",7,2009,0,95.4,0,95.4
"Oyster Bay  ",6,2009,0,95.4,0,95.2
"Oyster Bay  ",5,2009,0,95.5,0,96.5
"Oyster Bay  ",4,2009,0,95.2,0,96.9
"Oyster Bay  ",3,2009,0,94.6,0,94.6
"Oyster Bay  ",2,2009,0,94.6,0,93.7
"Oyster Bay  ",1,2009,0,95.3,0,95.3
"Oyster Bay  ",12,2008,0,93.7,0,95.8
"Oyster Bay  ",11,2008,0,93.5,0,88.4
"Oyster Bay  ",10,2008,0,94,0,91.8
"Oyster Bay  ",9,2008,0,94.2,0,92.8
"Oyster Bay  ",8,2008,0,94.4,0,94.4
"Oyster Bay  ",7,2008,0,94.4,0,94.7
"Oyster Bay  ",6,2008,0,94.3,0,94.4
"Oyster Bay  ",5,2008,0,94.3,0,95.8
"Oyster Bay  ",4,2008,0,93.9,0,94
"Oyster Bay  ",3,2008,0,93.9,0,92.6
"Oyster Bay  ",2,2008,0,94.6,0,93.4
"Oyster Bay  ",1,2008,0,95.7,0,95.7
"Port Jefferson  ",11,2018,90.9,87.7,90.9,80
"Port Jefferson  ",10,2018,90.9,88.5,90.9,88.5
"Port Jefferson  ",9,2018,90.9,88.5,90.9,91.1
"Port Jefferson  ",8,2018,90.9,88.2,90.9,88.8
"Port Jefferson  ",7,2018,90.9,88.1,90.9,88.2
"Port Jefferson  ",6,2018,90.9,88.1,90.9,93.6
"Port Jefferson  ",5,2018,90.9,87.1,90.9,89.8
"Port Jefferson  ",4,2018,90.9,86.4,90.9,90.6
"Port Jefferson  ",3,2018,90.9,85,90.9,83.5
"Port Jefferson  ",2,2018,90.9,85.8,90.9,89
"Port Jefferson  ",1,2018,90.9,83,90.9,83
"Port Jefferson  ",12,2017,90.9,90.4,90.9,85.5
"Port Jefferson  ",11,2017,90.9,90.9,90.9,87.8
"Port Jefferson  ",10,2017,90.9,91.2,90.9,92.6
"Port Jefferson  ",9,2017,90.9,91,90.9,94.7
"Port Jefferson  ",8,2017,90.9,90.6,90.9,94.3
"Port Jefferson  ",7,2017,90.9,90.1,90.9,92.8
"Port Jefferson  ",6,2017,90.9,89.6,90.9,91.2
"Port Jefferson  ",5,2017,90.9,89.3,90.9,88.7
"Port Jefferson  ",4,2017,90.9,89.4,90.9,91.3
"Port Jefferson  ",3,2017,90.9,88.8,90.9,87
"Port Jefferson  ",2,2017,90.9,89.7,90.9,86.1
"Port Jefferson  ",1,2017,90.9,92.9,90.9,92.9
"Port Jefferson  ",12,2016,90.9,89.9,90.9,87.5
"Port Jefferson  ",11,2016,90.9,90.1,90.9,89.3
"Port Jefferson  ",10,2016,90.9,90.2,90.9,89.4
"Port Jefferson  ",9,2016,90.9,90.3,90.9,92.9
"Port Jefferson  ",8,2016,90.9,89.9,90.9,90.9
"Port Jefferson  ",7,2016,90.9,89.8,90.9,88.4
"Port Jefferson  ",6,2016,90.9,90,90.9,90.8
"Port Jefferson  ",5,2016,90.9,89.9,90.9,94.4
"Port Jefferson  ",4,2016,90.9,88.7,90.9,91.7
"Port Jefferson  ",3,2016,90.9,87.7,90.9,88.1
"Port Jefferson  ",2,2016,90.9,87.5,90.9,88.3
"Port Jefferson  ",1,2016,90.9,86.8,90.9,86.8
"Port Jefferson  ",12,2015,90.9,87,90.9,88.4
"Port Jefferson  ",11,2015,90.9,86.9,90.9,87.3
"Port Jefferson  ",10,2015,90.9,85.69,90.9,84.01
"Port Jefferson  ",9,2015,90.9,87,90.9,82.4
"Port Jefferson  ",8,2015,90.9,87.6,90.9,88.9
"Port Jefferson  ",7,2015,90.9,87.4,90.9,89.8
"Port Jefferson  ",6,2015,90.9,87,90.9,88.4
"Port Jefferson  ",5,2015,90.9,86.7,90.9,92.5
"Port Jefferson  ",4,2015,90.9,85.4,90.9,92.2
"Port Jefferson  ",3,2015,90.9,83.01,90.9,85.03
"Port Jefferson  ",2,2015,90.9,81.95,90.9,77.44
"Port Jefferson  ",1,2015,90.9,86.1,90.9,86.1
"Port Jefferson  ",12,2014,95.1,88,95.1,88
"Port Jefferson  ",11,2014,95.1,88,95.1,88.4
"Port Jefferson  ",10,2014,95.1,87.9,95.1,87.6
"Port Jefferson  ",9,2014,95.1,88,95.1,91.7
"Port Jefferson  ",8,2014,95.1,87.5,95.1,90.6
"Port Jefferson  ",7,2014,95.1,87.1,95.1,90.5
"Port Jefferson  ",6,2014,95.1,86.5,95.1,92.4
"Port Jefferson  ",5,2014,95.1,85.3,95.1,88.3
"Port Jefferson  ",4,2014,95.1,84.5,95.1,87.7
"Port Jefferson  ",3,2014,95.1,83.4,95.1,87.9
"Port Jefferson  ",2,2014,95.1,81.1,95.1,79.1
"Port Jefferson  ",1,2014,95.1,82.9,95.1,82.9
"Port Jefferson  ",12,2013,95.1,91.3,95.1,90.1
"Port Jefferson  ",11,2013,95.1,91.4,95.1,89.6
"Port Jefferson  ",10,2013,95.1,91.5,95.1,94.6
"Port Jefferson  ",9,2013,95.1,91.2,95.1,93.3
"Port Jefferson  ",8,2013,95.1,90.9,95.1,91.5
"Port Jefferson  ",7,2013,95.1,90.8,95.1,93.3
"Port Jefferson  ",6,2013,95.1,90.4,95.1,89.7
"Port Jefferson  ",5,2013,95.1,90.6,95.1,91.8
"Port Jefferson  ",4,2013,95.1,90.2,95.1,92.4
"Port Jefferson  ",3,2013,95.1,89.5,95.1,89.7
"Port Jefferson  ",2,2013,95.1,89.4,95.1,89.4
"Port Jefferson  ",1,2013,95.1,89.4,95.1,89.4
"Port Jefferson  ",12,2012,95.1,90.5,95.1,86.9
"Port Jefferson  ",11,2012,95.1,90.9,95.1,82.6
"Port Jefferson  ",10,2012,95.1,91.5,95.1,91.9
"Port Jefferson  ",9,2012,95.1,91.5,95.1,89.3
"Port Jefferson  ",8,2012,95.1,91.8,95.1,89.3
"Port Jefferson  ",7,2012,95.1,92.2,95.1,89.9
"Port Jefferson  ",6,2012,95.1,92.5,95.1,88.1
"Port Jefferson  ",5,2012,95.1,93.4,95.1,93.1
"Port Jefferson  ",4,2012,95.1,93.5,95.1,94.2
"Port Jefferson  ",3,2012,95.1,93.3,95.1,93.9
"Port Jefferson  ",2,2012,95.1,92.9,95.1,92.7
"Port Jefferson  ",1,2012,95.1,93.1,95.1,93.1
"Port Jefferson  ",12,2011,95.1,90.4,95.1,90.4
"Port Jefferson  ",11,2011,95.1,90.4,95.1,89.3
"Port Jefferson  ",10,2011,95.1,90.5,95.1,91.6
"Port Jefferson  ",9,2011,95.1,90.4,95.1,88.2
"Port Jefferson  ",8,2011,95.1,90.6,95.1,90.7
"Port Jefferson  ",7,2011,95.1,90.6,95.1,93
"Port Jefferson  ",6,2011,95.1,90.2,95.1,92.1
"Port Jefferson  ",5,2011,95.1,89.8,95.1,91.5
"Port Jefferson  ",4,2011,95.1,89.4,95.1,92
"Port Jefferson  ",3,2011,95.1,88.5,95.1,93.7
"Port Jefferson  ",2,2011,95.1,85.7,95.1,90
"Port Jefferson  ",1,2011,95.1,81.7,95.1,81.7
"Port Jefferson  ",12,2010,95.1,90.1,95.1,90.3
"Port Jefferson  ",11,2010,95.1,90,95.1,90.4
"Port Jefferson  ",10,2010,95.1,89.9,95.1,92.3
"Port Jefferson  ",9,2010,95.1,89.7,95.1,90.6
"Port Jefferson  ",8,2010,95.1,89.6,95.1,83.7
"Port Jefferson  ",7,2010,95.1,90.4,95.1,87.6
"Port Jefferson  ",6,2010,95.1,90.9,95.1,90.8
"Port Jefferson  ",5,2010,95.1,90.9,95.1,91.1
"Port Jefferson  ",4,2010,95.1,90.9,95.1,90.2
"Port Jefferson  ",3,2010,95.1,91.1,95.1,90.5
"Port Jefferson  ",2,2010,95.1,91.5,95.1,88.6
"Port Jefferson  ",1,2010,95.1,94.2,95.1,94.2
"Port Jefferson  ",12,2009,0,93.4,0,89
"Port Jefferson  ",11,2009,0,93.8,0,92.6
"Port Jefferson  ",10,2009,0,93.9,0,93.6
"Port Jefferson  ",9,2009,0,94,0,94.9
"Port Jefferson  ",8,2009,0,93.9,0,96.3
"Port Jefferson  ",7,2009,0,93.5,0,92.6
"Port Jefferson  ",6,2009,0,93.7,0,94
"Port Jefferson  ",5,2009,0,93.6,0,95.5
"Port Jefferson  ",4,2009,0,93.1,0,95.1
"Port Jefferson  ",3,2009,0,92.5,0,90.4
"Port Jefferson  ",2,2009,0,93.5,0,93.1
"Port Jefferson  ",1,2009,0,94,0,94
"Port Jefferson  ",12,2008,0,91.1,0,88.7
"Port Jefferson  ",11,2008,0,91.4,0,86.7
"Port Jefferson  ",10,2008,0,91.8,0,92.6
"Port Jefferson  ",9,2008,0,91.8,0,93.9
"Port Jefferson  ",8,2008,0,91.5,0,91.7
"Port Jefferson  ",7,2008,0,91.5,0,88.8
"Port Jefferson  ",6,2008,0,91.9,0,88.9
"Port Jefferson  ",5,2008,0,92.5,0,92.6
"Port Jefferson  ",4,2008,0,92.5,0,94.1
"Port Jefferson  ",3,2008,0,92,0,90.8
"Port Jefferson  ",2,2008,0,92.6,0,91.4
"Port Jefferson  ",1,2008,0,93.8,0,93.8
"Port Washington   ",11,2018,95.3,90.4,95.3,88.9
"Port Washington   ",10,2018,95.3,90.6,95.3,93.3
"Port Washington   ",9,2018,95.3,90.3,95.3,90.9
"Port Washington   ",8,2018,95.3,90.2,95.3,83.8
"Port Washington   ",7,2018,95.3,91.1,95.3,88.5
"Port Washington   ",6,2018,95.3,91.5,95.3,92.1
"Port Washington   ",5,2018,95.3,91.4,95.3,93.5
"Port Washington   ",4,2018,95.3,90.9,95.3,93.1
"Port Washington   ",3,2018,95.3,90.2,95.3,88
"Port Washington   ",2,2018,95.3,91.4,95.3,95.4
"Port Washington   ",1,2018,95.3,87.7,95.3,87.7
"Port Washington   ",12,2017,95.3,91.1,95.3,91.8
"Port Washington   ",11,2017,95.3,91,95.3,93.2
"Port Washington   ",10,2017,95.3,90.8,95.3,95.1
"Port Washington   ",9,2017,95.3,90.3,95.3,92.6
"Port Washington   ",8,2017,95.3,90,95.3,90.3
"Port Washington   ",7,2017,95.3,90,95.3,93.8
"Port Washington   ",6,2017,95.3,89.3,95.3,86.7
"Port Washington   ",5,2017,95.3,89.8,95.3,84.6
"Port Washington   ",4,2017,95.3,91.2,95.3,89.7
"Port Washington   ",3,2017,95.3,91.7,95.3,91.5
"Port Washington   ",2,2017,95.3,91.8,95.3,92.3
"Port Washington   ",1,2017,95.3,91.4,95.3,91.4
"Port Washington   ",12,2016,95.3,93.1,95.3,91.6
"Port Washington   ",11,2016,95.3,93.2,95.3,93.3
"Port Washington   ",10,2016,95.3,93.2,95.3,95.3
"Port Washington   ",9,2016,95.3,93,95.3,92.8
"Port Washington   ",8,2016,95.3,93,95.3,89.6
"Port Washington   ",7,2016,95.3,93.5,95.3,90.8
"Port Washington   ",6,2016,95.3,94,95.3,91.1
"Port Washington   ",5,2016,95.3,94.6,95.3,93.1
"Port Washington   ",4,2016,95.3,94.9,95.3,95.3
"Port Washington   ",3,2016,95.3,94.8,95.3,97.7
"Port Washington   ",2,2016,95.3,93.2,95.3,93.1
"Port Washington   ",1,2016,95.3,93.4,95.3,93.4
"Port Washington   ",12,2015,95.3,91.8,95.3,96.5
"Port Washington   ",11,2015,95.3,91.4,95.3,93.3
"Port Washington   ",10,2015,95.3,90.69,95.3,90.64
"Port Washington   ",9,2015,95.3,91.1,95.3,90.9
"Port Washington   ",8,2015,95.3,91.1,95.3,90.8
"Port Washington   ",7,2015,95.3,91.1,95.3,90.7
"Port Washington   ",6,2015,95.3,91.2,95.3,92.9
"Port Washington   ",5,2015,95.3,90.9,95.3,89.4
"Port Washington   ",4,2015,95.3,91.2,95.3,93.6
"Port Washington   ",3,2015,95.3,90.42,95.3,92.31
"Port Washington   ",2,2015,95.3,89.4,95.3,87.05
"Port Washington   ",1,2015,95.3,91.6,95.3,91.6
"Port Washington   ",12,2014,95.1,93,95.1,88.8
"Port Washington   ",11,2014,95.1,93.4,95.1,93.5
"Port Washington   ",10,2014,95.1,93.3,95.1,93
"Port Washington   ",9,2014,95.1,93.4,95.1,91.2
"Port Washington   ",8,2014,95.1,93.7,95.1,93.9
"Port Washington   ",7,2014,95.1,93.6,95.1,94.4
"Port Washington   ",6,2014,95.1,93.5,95.1,94.7
"Port Washington   ",5,2014,95.1,93.3,95.1,91.7
"Port Washington   ",4,2014,95.1,93.7,95.1,94.3
"Port Washington   ",3,2014,95.1,93.4,95.1,95.5
"Port Washington   ",2,2014,95.1,92.4,95.1,94.5
"Port Washington   ",1,2014,95.1,90.4,95.1,90.4
"Port Washington   ",12,2013,95.1,94.3,95.1,94.4
"Port Washington   ",11,2013,95.1,94.2,95.1,94.1
"Port Washington   ",10,2013,95.1,94.3,95.1,95.8
"Port Washington   ",9,2013,95.1,94.1,95.1,94.2
"Port Washington   ",8,2013,95.1,94.1,95.1,90.8
"Port Washington   ",7,2013,95.1,94.6,95.1,93.1
"Port Washington   ",6,2013,95.1,94.8,95.1,94.2
"Port Washington   ",5,2013,95.1,94.9,95.1,93.1
"Port Washington   ",4,2013,95.1,95.4,95.1,96
"Port Washington   ",3,2013,95.1,95.2,95.1,95.6
"Port Washington   ",2,2013,95.1,95,95.1,96.4
"Port Washington   ",1,2013,95.1,93.8,95.1,93.8
"Port Washington   ",12,2012,95.1,95.4,95.1,93.6
"Port Washington   ",11,2012,95.1,95.5,95.1,90.4
"Port Washington   ",10,2012,95.1,96,95.1,96.1
"Port Washington   ",9,2012,95.1,95.9,95.1,95.9
"Port Washington   ",8,2012,95.1,96,95.1,94.8
"Port Washington   ",7,2012,95.1,96.1,95.1,96
"Port Washington   ",6,2012,95.1,96.1,95.1,93.3
"Port Washington   ",5,2012,95.1,96.8,95.1,95.7
"Port Washington   ",4,2012,95.1,97.1,95.1,97.4
"Port Washington   ",3,2012,95.1,97,95.1,97.6
"Port Washington   ",2,2012,95.1,96.6,95.1,96.8
"Port Washington   ",1,2012,95.1,96.5,95.1,96.5
"Port Washington   ",12,2011,95.1,95,95.1,98.2
"Port Washington   ",11,2011,95.1,94.7,95.1,95.7
"Port Washington   ",10,2011,95.1,94.6,95.1,96.4
"Port Washington   ",9,2011,95.1,94.4,95.1,92.7
"Port Washington   ",8,2011,95.1,94.6,95.1,90.4
"Port Washington   ",7,2011,95.1,95.2,95.1,94.2
"Port Washington   ",6,2011,95.1,95.4,95.1,94
"Port Washington   ",5,2011,95.1,95.7,95.1,95.6
"Port Washington   ",4,2011,95.1,95.7,95.1,96.4
"Port Washington   ",3,2011,95.1,95.5,95.1,97.3
"Port Washington   ",2,2011,95.1,94.4,95.1,96.2
"Port Washington   ",1,2011,95.1,92.9,95.1,92.9
"Port Washington   ",12,2010,95.1,92.9,95.1,94.3
"Port Washington   ",11,2010,95.1,92.8,95.1,94.2
"Port Washington   ",10,2010,95.1,92.7,95.1,94.8
"Port Washington   ",9,2010,95.1,92.5,95.1,90.6
"Port Washington   ",8,2010,95.1,92.7,95.1,94.3
"Port Washington   ",7,2010,95.1,92.5,95.1,90.3
"Port Washington   ",6,2010,95.1,92.8,95.1,87.3
"Port Washington   ",5,2010,95.1,94,95.1,91.7
"Port Washington   ",4,2010,95.1,94.6,95.1,91.9
"Port Washington   ",3,2010,95.1,95.4,95.1,95.2
"Port Washington   ",2,2010,95.1,95.6,95.1,93.8
"Port Washington   ",1,2010,95.1,97.2,95.1,97.2
"Port Washington   ",12,2009,0,96.1,0,93.6
"Port Washington   ",11,2009,0,96.4,0,97.1
"Port Washington   ",10,2009,0,96.3,0,96.3
"Port Washington   ",9,2009,0,96.3,0,94.9
"Port Washington   ",8,2009,0,96.5,0,95.7
"Port Washington   ",7,2009,0,96.6,0,94.9
"Port Washington   ",6,2009,0,96.9,0,95.2
"Port Washington   ",5,2009,0,97.2,0,98.2
"Port Washington   ",4,2009,0,97,0,96.9
"Port Washington   ",3,2009,0,97,0,95.8
"Port Washington   ",2,2009,0,97.7,0,96.7
"Port Washington   ",1,2009,0,98.5,0,98.5
"Port Washington   ",12,2008,0,95.8,0,97.4
"Port Washington   ",11,2008,0,95.7,0,97.2
"Port Washington   ",10,2008,0,95.5,0,96.6
"Port Washington   ",9,2008,0,95.4,0,94.4
"Port Washington   ",8,2008,0,95.5,0,94.9
"Port Washington   ",7,2008,0,95.6,0,93.3
"Port Washington   ",6,2008,0,96,0,95.9
"Port Washington   ",5,2008,0,96,0,95.7
"Port Washington   ",4,2008,0,96.1,0,95.5
"Port Washington   ",3,2008,0,96.3,0,95.1
"Port Washington   ",2,2008,0,96.8,0,96.4
"Port Washington   ",1,2008,0,97.1,0,97.1
"Greenport/Ronkonkoma  ",11,2018,91.6,86.2,91.6,86.7
"Greenport/Ronkonkoma  ",10,2018,91.6,86.1,91.6,90.4
"Greenport/Ronkonkoma  ",9,2018,91.6,85.6,91.6,88.3
"Greenport/Ronkonkoma  ",8,2018,91.6,85.3,91.6,77.8
"Greenport/Ronkonkoma  ",7,2018,91.6,86.5,91.6,82.9
"Greenport/Ronkonkoma  ",6,2018,91.6,87.1,91.6,88.3
"Greenport/Ronkonkoma  ",5,2018,91.6,86.9,91.6,88.7
"Greenport/Ronkonkoma  ",4,2018,91.6,86.4,91.6,92.1
"Greenport/Ronkonkoma  ",3,2018,91.6,84.3,91.6,83.8
"Greenport/Ronkonkoma  ",2,2018,91.6,84.5,91.6,90.3
"Greenport/Ronkonkoma  ",1,2018,91.6,78.9,91.6,78.9
"Greenport/Ronkonkoma  ",12,2017,91.6,88.9,91.6,85.3
"Greenport/Ronkonkoma  ",11,2017,91.6,89.2,91.6,87.8
"Greenport/Ronkonkoma  ",10,2017,91.6,89.3,91.6,91.4
"Greenport/Ronkonkoma  ",9,2017,91.6,89.1,91.6,90.8
"Greenport/Ronkonkoma  ",8,2017,91.6,88.9,91.6,92.5
"Greenport/Ronkonkoma  ",7,2017,91.6,88.4,91.6,91.3
"Greenport/Ronkonkoma  ",6,2017,91.6,87.8,91.6,86
"Greenport/Ronkonkoma  ",5,2017,91.6,88.2,91.6,85.8
"Greenport/Ronkonkoma  ",4,2017,91.6,88.9,91.6,89.2
"Greenport/Ronkonkoma  ",3,2017,91.6,88.8,91.6,88.7
"Greenport/Ronkonkoma  ",2,2017,91.6,88.8,91.6,85.5
"Greenport/Ronkonkoma  ",1,2017,91.6,91.7,91.6,91.7
"Greenport/Ronkonkoma  ",12,2016,91.6,90.4,91.6,87.3
"Greenport/Ronkonkoma  ",11,2016,91.6,90.7,91.6,87.5
"Greenport/Ronkonkoma  ",10,2016,91.6,91,91.6,87
"Greenport/Ronkonkoma  ",9,2016,91.6,91.5,91.6,92.4
"Greenport/Ronkonkoma  ",8,2016,91.6,91.4,91.6,90.5
"Greenport/Ronkonkoma  ",7,2016,91.6,91.5,91.6,87.6
"Greenport/Ronkonkoma  ",6,2016,91.6,92.2,91.6,93.7
"Greenport/Ronkonkoma  ",5,2016,91.6,91.9,91.6,93.6
"Greenport/Ronkonkoma  ",4,2016,91.6,91.4,91.6,93.3
"Greenport/Ronkonkoma  ",3,2016,91.6,90.8,91.6,93.4
"Greenport/Ronkonkoma  ",2,2016,91.6,89.3,91.6,91
"Greenport/Ronkonkoma  ",1,2016,91.6,87.6,91.6,87.6
"Greenport/Ronkonkoma  ",12,2015,91.6,89.2,91.6,91
"Greenport/Ronkonkoma  ",11,2015,91.6,89,91.6,91.7
"Greenport/Ronkonkoma  ",10,2015,91.6,88.57,91.6,91.52
"Greenport/Ronkonkoma  ",9,2015,91.6,88.4,91.6,86.8
"Greenport/Ronkonkoma  ",8,2015,91.6,88.6,91.6,88.1
"Greenport/Ronkonkoma  ",7,2015,91.6,88.7,91.6,90.1
"Greenport/Ronkonkoma  ",6,2015,91.6,88.4,91.6,92.2
"Greenport/Ronkonkoma  ",5,2015,91.6,87.6,91.6,93.1
"Greenport/Ronkonkoma  ",4,2015,91.6,86.2,91.6,90.5
"Greenport/Ronkonkoma  ",3,2015,91.6,84.73,91.6,83.19
"Greenport/Ronkonkoma  ",2,2015,91.6,85.57,91.6,84.22
"Greenport/Ronkonkoma  ",1,2015,91.6,86.8,91.6,86.8
"Greenport/Ronkonkoma  ",12,2014,95.1,90.3,95.1,90.1
"Greenport/Ronkonkoma  ",11,2014,95.1,90.3,95.1,89.8
"Greenport/Ronkonkoma  ",10,2014,95.1,90.4,95.1,90.1
"Greenport/Ronkonkoma  ",9,2014,95.1,90.4,95.1,93.1
"Greenport/Ronkonkoma  ",8,2014,95.1,90.1,95.1,92.4
"Greenport/Ronkonkoma  ",7,2014,95.1,89.7,95.1,93.3
"Greenport/Ronkonkoma  ",6,2014,95.1,89.1,95.1,90.5
"Greenport/Ronkonkoma  ",5,2014,95.1,88.8,95.1,90.3
"Greenport/Ronkonkoma  ",4,2014,95.1,88.4,95.1,92.5
"Greenport/Ronkonkoma  ",3,2014,95.1,87,95.1,90.6
"Greenport/Ronkonkoma  ",2,2014,95.1,85.2,95.1,86.5
"Greenport/Ronkonkoma  ",1,2014,95.1,83.9,95.1,83.9
"Greenport/Ronkonkoma  ",12,2013,95.1,91.2,95.1,89.5
"Greenport/Ronkonkoma  ",11,2013,95.1,91.3,95.1,89.3
"Greenport/Ronkonkoma  ",10,2013,95.1,91.5,95.1,92.9
"Greenport/Ronkonkoma  ",9,2013,95.1,91.4,95.1,92.5
"Greenport/Ronkonkoma  ",8,2013,95.1,91.2,95.1,90.1
"Greenport/Ronkonkoma  ",7,2013,95.1,91.4,95.1,93.5
"Greenport/Ronkonkoma  ",6,2013,95.1,91,95.1,92.7
"Greenport/Ronkonkoma  ",5,2013,95.1,90.7,95.1,92.9
"Greenport/Ronkonkoma  ",4,2013,95.1,90.1,95.1,93.4
"Greenport/Ronkonkoma  ",3,2013,95.1,88.9,95.1,89.7
"Greenport/Ronkonkoma  ",2,2013,95.1,88.2,95.1,88
"Greenport/Ronkonkoma  ",1,2013,95.1,88.4,95.1,88.4
"Greenport/Ronkonkoma  ",12,2012,95.1,91.7,95.1,89.5
"Greenport/Ronkonkoma  ",11,2012,95.1,91.9,95.1,83.4
"Greenport/Ronkonkoma  ",10,2012,95.1,92.7,95.1,93.8
"Greenport/Ronkonkoma  ",9,2012,95.1,92.6,95.1,93.2
"Greenport/Ronkonkoma  ",8,2012,95.1,92.5,95.1,92.6
"Greenport/Ronkonkoma  ",7,2012,95.1,92.5,95.1,87.8
"Greenport/Ronkonkoma  ",6,2012,95.1,93.3,95.1,88.7
"Greenport/Ronkonkoma  ",5,2012,95.1,94.2,95.1,92.8
"Greenport/Ronkonkoma  ",4,2012,95.1,94.5,95.1,94
"Greenport/Ronkonkoma  ",3,2012,95.1,94.7,95.1,93.7
"Greenport/Ronkonkoma  ",2,2012,95.1,95.2,95.1,95
"Greenport/Ronkonkoma  ",1,2012,95.1,95.3,95.1,95.3
"Greenport/Ronkonkoma  ",12,2011,95.1,91.2,95.1,94.2
"Greenport/Ronkonkoma  ",11,2011,95.1,90.9,95.1,91.4
"Greenport/Ronkonkoma  ",10,2011,95.1,90.9,95.1,91.3
"Greenport/Ronkonkoma  ",9,2011,95.1,90.8,95.1,87.1
"Greenport/Ronkonkoma  ",8,2011,95.1,91.3,95.1,89.4
"Greenport/Ronkonkoma  ",7,2011,95.1,91.5,95.1,92.2
"Greenport/Ronkonkoma  ",6,2011,95.1,91.4,95.1,91.5
"Greenport/Ronkonkoma  ",5,2011,95.1,91.4,95.1,91.5
"Greenport/Ronkonkoma  ",4,2011,95.1,91.4,95.1,94.1
"Greenport/Ronkonkoma  ",3,2011,95.1,90.5,95.1,92.4
"Greenport/Ronkonkoma  ",2,2011,95.1,89.5,95.1,93.4
"Greenport/Ronkonkoma  ",1,2011,95.1,86,95.1,86
"Greenport/Ronkonkoma  ",12,2010,95.1,90.2,95.1,83.8
"Greenport/Ronkonkoma  ",11,2010,95.1,90.7,95.1,92.3
"Greenport/Ronkonkoma  ",10,2010,95.1,90.5,95.1,91.8
"Greenport/Ronkonkoma  ",9,2010,95.1,90.4,95.1,90.7
"Greenport/Ronkonkoma  ",8,2010,95.1,90.4,95.1,87.9
"Greenport/Ronkonkoma  ",7,2010,95.1,90.7,95.1,89.9
"Greenport/Ronkonkoma  ",6,2010,95.1,90.9,95.1,90.6
"Greenport/Ronkonkoma  ",5,2010,95.1,90.9,95.1,90.9
"Greenport/Ronkonkoma  ",4,2010,95.1,90.9,95.1,89.4
"Greenport/Ronkonkoma  ",3,2010,95.1,91.4,95.1,88.5
"Greenport/Ronkonkoma  ",2,2010,95.1,93,95.1,90.9
"Greenport/Ronkonkoma  ",1,2010,95.1,95,95.1,95
"Greenport/Ronkonkoma  ",12,2009,0,92.7,0,86.8
"Greenport/Ronkonkoma  ",11,2009,0,93.3,0,92.7
"Greenport/Ronkonkoma  ",10,2009,0,93.3,0,91.9
"Greenport/Ronkonkoma  ",9,2009,0,93.5,0,94.6
"Greenport/Ronkonkoma  ",8,2009,0,93.3,0,95.1
"Greenport/Ronkonkoma  ",7,2009,0,93.1,0,92.3
"Greenport/Ronkonkoma  ",6,2009,0,93.2,0,93
"Greenport/Ronkonkoma  ",5,2009,0,93.3,0,94.2
"Greenport/Ronkonkoma  ",4,2009,0,93,0,95.8
"Greenport/Ronkonkoma  ",3,2009,0,92.1,0,92.7
"Greenport/Ronkonkoma  ",2,2009,0,91.7,0,93.2
"Greenport/Ronkonkoma  ",1,2009,0,90.3,0,90.3
"Greenport/Ronkonkoma  ",12,2008,0,92.8,0,93.4
"Greenport/Ronkonkoma  ",11,2008,0,92.8,0,89.2
"Greenport/Ronkonkoma  ",10,2008,0,93.1,0,91.7
"Greenport/Ronkonkoma  ",9,2008,0,93.3,0,93.4
"Greenport/Ronkonkoma  ",8,2008,0,93.3,0,93.3
"Greenport/Ronkonkoma  ",7,2008,0,93.3,0,91.9
"Greenport/Ronkonkoma  ",6,2008,0,93.5,0,92.4
"Greenport/Ronkonkoma  ",5,2008,0,93.7,0,94.7
"Greenport/Ronkonkoma  ",4,2008,0,93.4,0,93.6
"Greenport/Ronkonkoma  ",3,2008,0,93.4,0,92.6
"Greenport/Ronkonkoma  ",2,2008,0,93.8,0,93.2
"Greenport/Ronkonkoma  ",1,2008,0,94.3,0,94.3
"West Hempstead  ",11,2018,95.8,93.9,95.8,90.5
"West Hempstead  ",10,2018,95.8,94.2,95.8,96
"West Hempstead  ",9,2018,95.8,94,95.8,97.3
"West Hempstead  ",8,2018,95.8,93.6,95.8,94.5
"West Hempstead  ",7,2018,95.8,93.4,95.8,95.7
"West Hempstead  ",6,2018,95.8,93,95.8,96.3
"West Hempstead  ",5,2018,95.8,92.4,95.8,95.9
"West Hempstead  ",4,2018,95.8,91.5,95.8,96.1
"West Hempstead  ",3,2018,95.8,90,95.8,90.3
"West Hempstead  ",2,2018,95.8,89.8,95.8,94
"West Hempstead  ",1,2018,95.8,86,95.8,86
"West Hempstead  ",12,2017,95.8,94.9,95.8,93.5
"West Hempstead  ",11,2017,95.8,95,95.8,95.2
"West Hempstead  ",10,2017,95.8,95,95.8,95.5
"West Hempstead  ",9,2017,95.8,94.9,95.8,96.7
"West Hempstead  ",8,2017,95.8,94.7,95.8,96.6
"West Hempstead  ",7,2017,95.8,94.4,95.8,94.6
"West Hempstead  ",6,2017,95.8,94.4,95.8,95
"West Hempstead  ",5,2017,95.8,94.2,95.8,94.6
"West Hempstead  ",4,2017,95.8,94.1,95.8,94.9
"West Hempstead  ",3,2017,95.8,93.9,95.8,94.6
"West Hempstead  ",2,2017,95.8,93.5,95.8,92.2
"West Hempstead  ",1,2017,95.8,94.7,95.8,94.7
"West Hempstead  ",12,2016,95.8,96.4,95.8,95.1
"West Hempstead  ",11,2016,95.8,96.5,95.8,96.1
"West Hempstead  ",10,2016,95.8,96.5,95.8,97
"West Hempstead  ",9,2016,95.8,96.5,95.8,97.9
"West Hempstead  ",8,2016,95.8,96.3,95.8,97
"West Hempstead  ",7,2016,95.8,96.2,95.8,93.5
"West Hempstead  ",6,2016,95.8,96.7,95.8,97.3
"West Hempstead  ",5,2016,95.8,96.5,95.8,98
"West Hempstead  ",4,2016,95.8,96.1,95.8,96.8
"West Hempstead  ",3,2016,95.8,95.9,95.8,97.7
"West Hempstead  ",2,2016,95.8,95,95.8,95.3
"West Hempstead  ",1,2016,95.8,94.8,95.8,94.8
"West Hempstead  ",12,2015,95.8,95,95.8,95.4
"West Hempstead  ",11,2015,95.8,94.9,95.8,93.5
"West Hempstead  ",10,2015,95.8,94.68,95.8,94.9
"West Hempstead  ",9,2015,95.8,95,95.8,95.3
"West Hempstead  ",8,2015,95.8,95,95.8,95.6
"West Hempstead  ",7,2015,95.8,94.9,95.8,95.2
"West Hempstead  ",6,2015,95.8,94.8,95.8,94.4
"West Hempstead  ",5,2015,95.8,94.9,95.8,95.5
"West Hempstead  ",4,2015,95.8,94.8,95.8,96.9
"West Hempstead  ",3,2015,95.8,94.04,95.8,95.5
"West Hempstead  ",2,2015,95.8,93.25,95.8,92.62
"West Hempstead  ",1,2015,95.8,93.8,95.8,93.8
"West Hempstead  ",12,2014,95.1,94.3,95.1,90.1
"West Hempstead  ",11,2014,95.1,94.7,95.1,94.9
"West Hempstead  ",10,2014,95.1,94.7,95.1,94.4
"West Hempstead  ",9,2014,95.1,94.8,95.1,94.6
"West Hempstead  ",8,2014,95.1,94.8,95.1,95.6
"West Hempstead  ",7,2014,95.1,94.7,95.1,95.8
"West Hempstead  ",6,2014,95.1,94.5,95.1,94.8
"West Hempstead  ",5,2014,95.1,94.5,95.1,94
"West Hempstead  ",4,2014,95.1,94.6,95.1,96.1
"West Hempstead  ",3,2014,95.1,94,95.1,94.9
"West Hempstead  ",2,2014,95.1,93.5,95.1,95.8
"West Hempstead  ",1,2014,95.1,91.2,95.1,91.2
"West Hempstead  ",12,2013,95.1,95.2,95.1,94.4
"West Hempstead  ",11,2013,95.1,95.3,95.1,93.7
"West Hempstead  ",10,2013,95.1,95.4,95.1,96.1
"West Hempstead  ",9,2013,95.1,95.3,95.1,94.5
"West Hempstead  ",8,2013,95.1,95.4,95.1,94.4
"West Hempstead  ",7,2013,95.1,95.6,95.1,94.5
"West Hempstead  ",6,2013,95.1,95.8,95.1,97
"West Hempstead  ",5,2013,95.1,95.5,95.1,96.1
"West Hempstead  ",4,2013,95.1,95.4,95.1,96.2
"West Hempstead  ",3,2013,95.1,95.1,95.1,94.6
"West Hempstead  ",2,2013,95.1,95.3,95.1,93.5
"West Hempstead  ",1,2013,95.1,96.8,95.1,96.8
"West Hempstead  ",12,2012,95.1,95.9,95.1,94.2
"West Hempstead  ",11,2012,95.1,96,95.1,84.7
"West Hempstead  ",10,2012,95.1,96.9,95.1,95.8
"West Hempstead  ",9,2012,95.1,97,95.1,97.2
"West Hempstead  ",8,2012,95.1,96.9,95.1,95.4
"West Hempstead  ",7,2012,95.1,97.2,95.1,96.7
"West Hempstead  ",6,2012,95.1,97.3,95.1,96.4
"West Hempstead  ",5,2012,95.1,97.5,95.1,97.6
"West Hempstead  ",4,2012,95.1,97.4,95.1,97.8
"West Hempstead  ",3,2012,95.1,97.3,95.1,97
"West Hempstead  ",2,2012,95.1,97.5,95.1,97.5
"West Hempstead  ",1,2012,95.1,97.5,95.1,97.5
"West Hempstead  ",12,2011,95.1,96.3,95.1,97.6
"West Hempstead  ",11,2011,95.1,96.2,95.1,97.5
"West Hempstead  ",10,2011,95.1,96.1,95.1,97.6
"West Hempstead  ",9,2011,95.1,95.9,95.1,94.1
"West Hempstead  ",8,2011,95.1,96.1,95.1,96.4
"West Hempstead  ",7,2011,95.1,96.1,95.1,94
"West Hempstead  ",6,2011,95.1,96.4,95.1,96.8
"West Hempstead  ",5,2011,95.1,96.3,95.1,95.5
"West Hempstead  ",4,2011,95.1,96.5,95.1,97.5
"West Hempstead  ",3,2011,95.1,96.2,95.1,98.1
"West Hempstead  ",2,2011,95.1,95.1,95.1,97.9
"West Hempstead  ",1,2011,95.1,92.5,95.1,92.5
"West Hempstead  ",12,2010,95.1,96.2,95.1,95.4
"West Hempstead  ",11,2010,95.1,95.3,95.1,97.9
"West Hempstead  ",10,2010,95.1,95.1,95.1,98.3
"West Hempstead  ",9,2010,95.1,94.8,95.1,96.4
"West Hempstead  ",8,2010,95.1,94.6,95.1,77.6
"West Hempstead  ",7,2010,95.1,97.1,95.1,95.8
"West Hempstead  ",6,2010,95.1,97.3,95.1,97.8
"West Hempstead  ",5,2010,95.1,97.2,95.1,96.2
"West Hempstead  ",4,2010,95.1,97.5,95.1,96.1
"West Hempstead  ",3,2010,95.1,98,95.1,97.4
"West Hempstead  ",2,2010,95.1,98.3,95.1,97.8
"West Hempstead  ",1,2010,95.1,98.7,95.1,98.7
"West Hempstead  ",12,2009,0,97.7,0,97.1
"West Hempstead  ",11,2009,0,97.8,0,97.3
"West Hempstead  ",10,2009,0,97.8,0,97.8
"West Hempstead  ",9,2009,0,97.8,0,97.7
"West Hempstead  ",8,2009,0,97.8,0,98
"West Hempstead  ",7,2009,0,97.8,0,97.8
"West Hempstead  ",6,2009,0,97.8,0,98.3
"West Hempstead  ",5,2009,0,97.7,0,98.1
"West Hempstead  ",4,2009,0,97.6,0,98.6
"West Hempstead  ",3,2009,0,97.2,0,95.4
"West Hempstead  ",2,2009,0,98,0,98.2
"West Hempstead  ",1,2009,0,97.9,0,97.9
"West Hempstead  ",12,2008,0,97.5,0,98.3
"West Hempstead  ",11,2008,0,97.4,0,96.4
"West Hempstead  ",10,2008,0,97.6,0,96.9
"West Hempstead  ",9,2008,0,97.6,0,97.7
"West Hempstead  ",8,2008,0,97.6,0,98.3
"West Hempstead  ",7,2008,0,97.5,0,96.7
"West Hempstead  ",6,2008,0,97.6,0,98.1
"West Hempstead  ",5,2008,0,97.6,0,98.4
"West Hempstead  ",4,2008,0,97.3,0,97.4
"West Hempstead  ",3,2008,0,97.3,0,97.2
"West Hempstead  ",2,2008,0,97.4,0,96.6
"West Hempstead  ",1,2008,0,98.2,0,98.2
